secs, cad, hr, km, kph, nm, watts, alt, lon, lat, headwind, slope, temp, interval, lrbalance, lte, rte, lps, rps, smo2, thb, o2hb, hhb
1,0,0,0.0003,0,0,0,41,144.413,-37.8876,0,0,25,0,-255,0,0,0,0,0,0,0,0
2,0,0,0.00056,0,0,0,41,144.413,-37.8876,0,0,25,0,-255,0,0,0,0,0,0,0,0
3,0,0,0.00056,0,0,0,41,144.413,-37.8877,0,0,25,0,-255,0,0,0,0,0,0,0,0
4,0,0,0.00056,0,0,0,41,144.413,-37.8877,0,0,25,0,-255,0,0,0,0,0,0,0,0
5,0,0,0.00056,0,0,0,41,144.413,-37.8877,0,0,25,0,-255,0,0,0,0,0,0,0,0
6,0,0,0.00061,0,0,0,41,144.413,-37.8877,0,0,25,0,-255,0,0,0,0,0,0,0,0
7,0,0,0.00061,0,0,0,41,144.413,-37.8877,0,0,25,0,-255,0,0,0,0,0,0,0,0
8,0,0,0.00087,0,0,0,41,144.413,-37.8877,0,0,25,0,-255,0,0,0,0,0,0,0,0
9,0,0,0.00111,0,0,0,41,144.413,-37.8877,0,0,25,0,-255,0,0,0,0,0,0,0,0
10,0,0,0.00132,0,0,0,41,144.413,-37.8877,0,2.66454e-16,25,0,-255,0,0,0,0,0,0,0,0
11,0,0,0.00152,0,0,0,41,144.413,-37.8876,0,2.66454e-16,25,0,-255,0,0,0,0,0,0,0,0
12,0,0,0.00167,0,0,0,41,144.413,-37.8876,0,2.66454e-16,25,0,-255,0,0,0,0,0,0,0,0
13,0,0,0.00182,0,0,0,41,144.413,-37.8876,0,2.66454e-16,25,0,-255,0,0,0,0,0,0,0,0
14,0,0,0.001925,0,0,0,40.6,144.413,-37.8876,0,2.66454e-16,25,0,-255,0,0,0,0,0,0,0,0
15,0,0,0.00203,0,0,0,40.2,144.413,-37.8876,0,2.66454e-16,25,0,-255,0,0,0,0,0,0,0,0
16,0,0,0.00207769,0,0,0,40.2,144.413,-37.8876,0,2.66454e-16,25,0,-255,0,0,0,0,0,0,0,0
17,0,0,0.00212538,0,0,0,40.2,144.413,-37.8876,0,2.66454e-16,25,0,-255,0,0,0,0,0,0,0,0
18,0,0,0.00217308,0,0,0,40.2,144.413,-37.8876,0,2.66454e-16,25,0,-255,0,0,0,0,0,0,0,0
19,0,0,0.00222077,0,0,0,40.2,144.413,-37.8876,0,2.66454e-16,25,0,-255,0,0,0,0,0,0,0,0
20,0,0,0.00226846,0,0,0,40.2,144.413,-37.8876,0,2.66454e-16,25,0,-255,0,0,0,0,0,0,0,0
21,0,0,0.00231615,0,0,0,40.2,144.413,-37.8876,0,2.66454e-16,25,0,-255,0,0,0,0,0,0,0,0
22,0,0,0.00236385,0,0,0,40.2,144.413,-37.8876,0,2.66454e-16,25,0,-255,0,0,0,0,0,0,0,0
23,0,0,0.00241154,0,0,0,40.2,144.413,-37.8876,0,2.66454e-16,25,0,-255,0,0,0,0,0,0,0,0
24,0,0,0.00245923,0,0,0,40.2,144.413,-37.8876,0,2.66454e-16,25,0,-255,0,0,0,0,0,0,0,0
25,0,0,0.00250692,0,0,0,40.2,144.413,-37.8876,0,2.66454e-16,25,0,-255,0,0,0,0,0,0,0,0
26,0,0,0.00255462,0,0,0,40.2,144.413,-37.8876,0,2.66454e-16,25,0,-255,0,0,0,0,0,0,0,0
27,0,0,0.00260231,0,0,0,40.2,144.413,-37.8876,0,2.66454e-16,25,0,-255,0,0,0,0,0,0,0,0
28,0,0,0.00265,0,0,0,40.2,144.413,-37.8876,0,2.66454e-16,25,0,-255,0,0,0,0,0,0,0,0
29,0,0,0.00271,0,0,0,40.2,144.413,-37.8876,0,2.66454e-16,25,0,-255,0,0,0,0,0,0,0,0
30,0,0,0.0028,0,0,0,40.2,144.413,-37.8876,0,2.66454e-16,25,0,-255,0,0,0,0,0,0,0,0
31,0,0,0.00291,0,0,0,40.2,144.413,-37.8876,0,2.66454e-16,25,0,-255,0,0,0,0,0,0,0,0
32,0,0,0.00305,0,0,0,40.2,144.413,-37.8876,0,2.66454e-16,25,0,-255,0,0,0,0,0,0,0,0
33,0,0,0.00315,0,0,0,40.2,144.413,-37.8876,0,2.66454e-16,25,0,-255,0,0,0,0,0,0,0,0
34,0,0,0.00321,0,0,0,40.2,144.413,-37.8876,0,2.66454e-16,25,0,-255,0,0,0,0,0,0,0,0
35,0,0,0.00325,0,0,0,40.2,144.413,-37.8876,0,2.66454e-16,25,0,-255,0,0,0,0,0,0,0,0
36,0,0,0.00326,0,0,0,40.2,144.413,-37.8876,0,2.66454e-16,25,0,-255,0,0,0,0,0,0,0,0
37,0,0,0.00326,0,0,0,40.2,144.413,-37.8876,0,2.66454e-16,25,0,-255,0,0,0,0,0,0,0,0
38,0,0,0.00326,0,0,0,40.2,144.413,-37.8876,0,2.66454e-16,25,0,-255,0,0,0,0,0,0,0,0
39,0,0,0.00326,0,0,0,40.2,144.413,-37.8876,0,2.66454e-16,25,0,-255,0,0,0,0,0,0,0,0
40,0,0,0.00326,0,0,0,40.2,144.413,-37.8876,0,2.66454e-16,25,0,-255,0,0,0,0,0,0,0,0
41,0,0,0.00326,0,0,0,40.2,144.413,-37.8876,0,2.66454e-16,25,0,-255,0,0,0,0,0,0,0,0
42,0,0,0.00326,0,0,0,40.2,144.413,-37.8876,0,2.66454e-16,25,0,-255,0,0,0,0,0,0,0,0
43,0,0,0.00326,0,0,0,40.2,144.413,-37.8876,0,2.66454e-16,25,0,-255,0,0,0,0,0,0,0,0
44,0,0,0.00326,0,0,0,40.2,144.413,-37.8876,0,2.66454e-16,25,0,-255,0,0,0,0,0,0,0,0
45,0,0,0.00326,0,0,0,40.2,144.413,-37.8876,0,2.66454e-16,25,0,-255,0,0,0,0,0,0,0,0
46,0,0,0.00326,0,0,0,40.2,144.413,-37.8876,0,2.66454e-16,25,0,-255,0,0,0,0,0,0,0,0
47,0,0,0.00326,0,0,0,40.2,144.413,-37.8876,0,2.66454e-16,25,0,-255,0,0,0,0,0,0,0,0
48,0,0,0.00326,0,0,0,40.2,144.413,-37.8876,0,2.66454e-16,25,0,-255,0,0,0,0,0,0,0,0
49,0,0,0.00326,0,0,0,40.2,144.413,-37.8876,0,2.66454e-16,25,0,-255,0,0,0,0,0,0,0,0
50,0,0,0.00326,0,0,0,40.2,144.413,-37.8876,0,2.66454e-16,25,0,-255,0,0,0,0,0,0,0,0
51,0,0,0.00326,0,0,0,40.2,144.413,-37.8876,0,2.66454e-16,25,0,-255,0,0,0,0,0,0,0,0
52,0,0,0.00326,0,0,0,40.2,144.413,-37.8876,0,2.66454e-16,25,0,-255,0,0,0,0,0,0,0,0
53,0,0,0.00326,0,0,0,40.2,144.413,-37.8876,0,2.66454e-16,25,0,-255,0,0,0,0,0,0,0,0
54,0,0,0.00326,0,0,0,40.2,144.413,-37.8876,0,2.66454e-16,25,0,-255,0,0,0,0,0,0,0,0
55,0,0,0.00326,0,0,0,40.2,144.413,-37.8877,0,2.66454e-16,25,0,-255,0,0,0,0,0,0,0,0
56,0,0,0.00333,0,0,0,40.2,144.413,-37.8877,0,2.66454e-16,25,0,-255,0,0,0,0,0,0,0,0
57,0,0,0.00333,0,0,0,40.2,144.413,-37.8877,0,2.66454e-16,25,0,-255,0,0,0,0,0,0,0,0
58,0,0,0.00333,0,0,0,40.2,144.413,-37.8877,0,2.66454e-16,25,0,-255,0,0,0,0,0,0,0,0
59,0,0,0.00333,0,0,0,40.2,144.413,-37.8877,0,2.66454e-16,25,0,-255,0,0,0,0,0,0,0,0
60,0,0,0.00333,0,0,0,40.2,144.413,-37.8877,0,2.66454e-16,25,0,-255,0,0,0,0,0,0,0,0
61,0,0,0.00333,0,0,0,40.2,144.413,-37.8877,0,2.66454e-16,25,0,-255,0,0,0,0,0,0,0,0
62,0,0,0.00333,0,0,0,40.2,144.413,-37.8877,0,2.66454e-16,25,0,-255,0,0,0,0,0,0,0,0
63,0,0,0.00333,0,0,0,40.2,144.413,-37.8877,0,2.66454e-16,25,0,-255,0,0,0,0,0,0,0,0
64,0,0,0.00333,0,0,0,40.2,144.413,-37.8877,0,2.66454e-16,25,0,-255,0,0,0,0,0,0,0,0
65,0,0,0.00333,0,0,0,40.2,144.413,-37.8877,0,2.66454e-16,25,0,-255,0,0,0,0,0,0,0,0
66,0,0,0.00333,0,0,0,40.2,144.413,-37.8877,0,2.66454e-16,25,0,-255,0,0,0,0,0,0,0,0
67,0,0,0.00333,0,0,0,40.2,144.413,-37.8877,0,2.66454e-16,25,0,-255,0,0,0,0,0,0,0,0
68,0,0,0.00333,0,0,0,40.2,144.413,-37.8877,0,2.66454e-16,25,0,-255,0,0,0,0,0,0,0,0
69,0,0,0.00333,0,0,0,40.2,144.413,-37.8877,0,2.66454e-16,25,0,-255,0,0,0,0,0,0,0,0
70,0,0,0.00333,0,0,0,40.2,144.413,-37.8877,0,2.66454e-16,25,0,-255,0,0,0,0,0,0,0,0
71,0,0,0.00333,0,0,0,40.2,144.413,-37.8877,0,2.66454e-16,25,0,-255,0,0,0,0,0,0,0,0
72,0,0,0.00396,0,0,0,40.2,144.413,-37.8877,0,2.66454e-16,25,0,-255,0,0,0,0,0,0,0,0
73,0,0,0.00447,0,0,0,40.2,144.413,-37.8877,0,2.66454e-16,25,0,-255,0,0,0,0,0,0,0,0
74,5,0,0.00473,0,0,68,40.2,144.413,-37.8877,0,2.66454e-16,25,0,-255,0,0,0,0,0,0,0,0
75,20,0,0.00507,0,0,68,40.2,144.413,-37.8877,0,2.66454e-16,25,0,-255,0,0,0,0,0,0,0,0
76,5,0,0.00508,0,0,0,40.2,144.413,-37.8877,0,2.66454e-16,25,0,-255,0,0,0,0,0,0,0,0
77,0,0,0.00508,0,0,0,40.2,144.413,-37.8877,0,2.66454e-16,25,0,-255,0,0,0,0,0,0,0,0
78,0,0,0.00508,0,0,0,40.2,144.413,-37.8877,0,2.66454e-16,25,0,-255,0,0,0,0,0,0,0,0
79,0,0,0.00508,0,0,0,40.2,144.413,-37.8877,0,2.66454e-16,25,0,-255,0,0,0,0,0,0,0,0
80,0,0,0.00508,0,0,0,40.2,144.413,-37.8877,0,2.66454e-16,25,0,-255,0,0,0,0,0,0,0,0
81,0,0,0.0051,0,0,0,40.2,144.413,-37.8877,0,2.66454e-16,25,0,-255,0,0,0,0,0,0,0,0
82,0,0,0.0051,0,0,0,40.2,144.413,-37.8877,0,2.66454e-16,25,0,-255,0,0,0,0,0,0,0,0
83,0,0,0.0051,0,0,0,40.2,144.413,-37.8877,0,2.66454e-16,25,0,-255,0,0,0,0,0,0,0,0
84,0,0,0.0051,0,0,0,40.2,144.413,-37.8877,0,2.66454e-16,25,0,-255,0,0,0,0,0,0,0,0
85,0,0,0.0051,0,0,0,40.2,144.413,-37.8877,0,2.66454e-16,25,0,-255,0,0,0,0,0,0,0,0
86,0,0,0.0051,0,0,0,40.2,144.413,-37.8877,0,2.66454e-16,25,0,-255,0,0,0,0,0,0,0,0
87,0,0,0.0051,0,0,0,40.2,144.413,-37.8877,0,2.66454e-16,25,0,-255,0,0,0,0,0,0,0,0
88,0,0,0.0051,0,0,0,40.2,144.413,-37.8877,0,2.66454e-16,25,0,-255,0,0,0,0,0,0,0,0
89,0,0,0.0051,0,0,0,40.2,144.413,-37.8877,0,2.66454e-16,25,0,-255,0,0,0,0,0,0,0,0
90,0,0,0.0051,0,0,0,40.2,144.413,-37.8877,0,2.66454e-16,25,0,-255,0,0,0,0,0,0,0,0
91,0,0,0.0051,0,0,0,40.2,144.413,-37.8877,0,2.66454e-16,25,0,-255,0,0,0,0,0,0,0,0
92,0,0,0.0051,0,0,0,40.2,144.413,-37.8877,0,2.66454e-16,25,0,-255,0,0,0,0,0,0,0,0
93,0,0,0.00514,0,0,0,40.2,144.413,-37.8877,0,2.66454e-16,25,0,-255,0,0,0,0,0,0,0,0
94,0,0,0.00528,0,0,0,40.2,144.413,-37.8877,0,2.66454e-16,25,0,-255,0,0,0,0,0,0,0,0
95,0,0,0.00528,0,0,0,40.2,144.413,-37.8877,0,2.66454e-16,25,0,-255,0,0,0,0,0,0,0,0
96,0,0,0.00528,0,0,0,40.2,144.413,-37.8877,0,2.66454e-16,25,0,-255,0,0,0,0,0,0,0,0
97,0,0,0.00528,0,0,0,40.2,144.413,-37.8877,0,2.66454e-16,25,0,-255,0,0,0,0,0,0,0,0
98,0,0,0.00528,0,0,0,40.2,144.413,-37.8877,0,2.66454e-16,25,0,-255,0,0,0,0,0,0,0,0
99,0,0,0.00528,0,0,0,40.2,144.413,-37.8877,0,2.66454e-16,25,0,-255,0,0,0,0,0,0,0,0
100,0,0,0.00528,0,0,0,40.2,144.413,-37.8878,0,2.66454e-16,25,0,-255,0,0,0,0,0,0,0,0
101,0,0,0.00528,0,0,0,40.2,144.413,-37.8878,0,2.66454e-16,25,0,-255,0,0,0,0,0,0,0,0
102,0,0,0.00555,0,0,0,40.2,144.413,-37.8877,0,2.66454e-16,25,0,-255,0,0,0,0,0,0,0,0
103,0,0,0.00607,0,0,0,40.2,144.413,-37.8877,0,2.66454e-16,25,0,-255,0,0,0,0,0,0,0,0
104,0,0,0.00643,0,0,0,40.2,144.413,-37.8877,0,2.66454e-16,25,0,-255,0,0,0,0,0,0,0,0
105,0,0,0.00643,0,0,0,40.2,144.413,-37.8877,0,2.66454e-16,25,0,-255,0,0,0,0,0,0,0,0
106,0,0,0.00643,0,0,0,40.2,144.413,-37.8877,0,2.66454e-16,25,0,-255,0,0,0,0,0,0,0,0
107,0,0,0.00643,0,0,0,40.2,144.413,-37.8877,0,2.66454e-16,25,0,-255,0,0,0,0,0,0,0,0
108,0,0,0.00643,0,0,0,40.2,144.413,-37.8877,0,2.66454e-16,25,0,-255,0,0,0,0,0,0,0,0
109,0,0,0.00643,0,0,0,40.2,144.413,-37.8877,0,2.66454e-16,25,0,-255,0,0,0,0,0,0,0,0
110,0,0,0.00645,0,0,0,40.2,144.413,-37.8877,0,2.66454e-16,25,0,-255,0,0,0,0,0,0,0,0
111,0,0,0.00675,0,0,0,40.2,144.413,-37.8877,0,2.66454e-16,25,0,-255,0,0,0,0,0,0,0,0
112,0,0,0.00861,1.854,0,0,40.2,144.413,-37.8877,0,2.66454e-16,25,0,-255,0,0,0,0,0,0,0,0
113,29,0,0.01117,2.5164,0,283,40.2,144.413,-37.8877,0,2.66454e-16,25,0,-255,0,0,0,0,0,0,0,0
114,33,0,0.0142,3.4452,0,203,40.2,144.413,-37.8877,0,2.66454e-16,25,0,43,0,0,0,0,0,0,0,0
115,33,0,0.01767,4.4496,0,203,40.2,144.413,-37.8876,0,2.66454e-16,25,0,43,0,0,0,0,0,0,0,0
116,36,0,0.02089,5.0796,0,191,40.2,144.413,-37.8876,0,2.66454e-16,25,0,48,0,0,0,0,0,0,0,0
117,42,0,0.02494,5.9544,0,270,40.2,144.413,-37.8876,0,2.66454e-16,25,0,51,0,0,0,0,0,0,0,0
118,42,0,0.02988,8.6904,0,238,40.2,144.413,-37.8875,0,2.66454e-16,25,0,52,0,0,0,0,0,0,0,0
119,47,0,0.03572,12.42,0,221,40.2,144.413,-37.8875,0,2.66454e-16,25,0,53,0,0,0,0,0,0,0,0
120,47,0,0.04177,15.1488,0,255,40.2,144.413,-37.8874,0,2.66454e-16,25,0,52,0,0,0,0,0,0,0,0
121,53,0,0.04829,17.046,0,268,40.2,144.413,-37.8874,0,2.66454e-16,25,0,50,0,0,0,0,0,0,0,0
122,55,0,0.05531,18.9252,0,247,40.2,144.413,-37.8873,0,2.66454e-16,25,0,49,0,0,0,0,0,0,0,0
123,55,0,0.06288,20.5488,0,247,40.2,144.413,-37.8872,0,2.66454e-16,25,0,49,0,0,0,0,0,0,0,0
124,56,0,0.07046,22.2084,0,209,40.2,144.413,-37.8872,0,2.66454e-16,25,0,48,0,0,0,0,0,0,0,0
125,61,0,0.0783,23.0904,0,186,40.2,144.413,-37.8871,0,2.66454e-16,25,0,47,0,0,0,0,0,0,0,0
126,62,0,0.08512,23.1084,0,176,40.2,144.413,-37.887,0,2.66454e-16,25,0,48,0,0,0,0,0,0,0,0
127,65,0,0.09232,23.0148,0,158,40.2,144.413,-37.887,0,2.66454e-16,25,0,48,0,0,0,0,0,0,0,0
128,65,0,0.09938,23.5692,0,158,40.2,144.413,-37.8869,0,2.66454e-16,25,0,48,0,0,0,0,0,0,0,0
129,67,0,0.107,24.1524,0,149,40.2,144.413,-37.8868,0,2.66454e-16,25,0,49,0,0,0,0,0,0,0,0
130,68,0,0.11377,23.6124,0,173,40.2,144.413,-37.8868,0,2.66454e-16,25,0,49,0,0,0,0,0,0,0,0
131,68,0,0.1208,23.9112,0,137,40.2,144.413,-37.8867,0,2.66454e-16,25,0,50,0,0,0,0,0,0,0,0
132,70,0,0.1282,24.7428,0,125,40.2,144.413,-37.8867,0,2.66454e-16,25,0,49,0,0,0,0,0,0,0,0
133,70,0,0.13614,25.4808,0,125,40.2,144.413,-37.8866,0,2.66454e-16,25,0,49,0,0,0,0,0,0,0,0
134,70,0,0.14377,25.506,0,130,40.2,144.413,-37.8865,0,2.66454e-16,25,0,51,0,0,0,0,0,0,0,0
135,71,0,0.15185,26.1936,0,128,40.2,144.413,-37.8864,0,2.66454e-16,25,0,50,0,0,0,0,0,0,0,0
136,72,0,0.15983,26.7372,0,121,40.2,144.413,-37.8864,0,2.66454e-16,25,0,50,0,0,0,0,0,0,0,0
137,74,0,0.1679,27.054,0,119,40.2,144.413,-37.8863,0,2.66454e-16,25,0,50,0,0,0,0,0,0,0,0
138,74,0,0.17615,27.3744,0,121,40.2,144.413,-37.8862,0,2.66454e-16,25,0,48,0,0,0,0,0,0,0,0
139,74,0,0.18385,26.892,0,111,40.2,144.413,-37.8862,0,2.66454e-16,25,0,48,0,0,0,0,0,0,0,0
140,74,0,0.19162,26.892,0,113,40.2,144.413,-37.8861,0,2.66454e-16,25,0,47,0,0,0,0,0,0,0,0
141,75,0,0.19914,26.5248,0,114,40.2,144.413,-37.886,0,2.66454e-16,25,0,45,0,0,0,0,0,0,0,0
142,75,0,0.20709,26.928,0,114,40.2,144.413,-37.886,0,2.66454e-16,25,0,45,0,0,0,0,0,0,0,0
143,74,0,0.21532,27.8748,0,138,40.2,144.413,-37.8859,0,2.66454e-16,25,0,46,0,0,0,0,0,0,0,0
144,77,0,0.22346,27.9396,0,159,40.2,144.413,-37.8858,0,2.66454e-16,25,0,49,0,0,0,0,0,0,0,0
145,77,0,0.23167,28.2744,0,162,40.2,144.413,-37.8857,0,2.66454e-16,25,0,49,0,0,0,0,0,0,0,0
146,77,0,0.23958,28.3104,0,162,40.2,144.413,-37.8857,0,2.66454e-16,25,0,49,0,0,0,0,0,0,0,0
147,77,0,0.24755,28.3248,0,158,40.2,144.413,-37.8856,0,2.66454e-16,25,0,46,0,0,0,0,0,0,0,0
148,78,0,0.25596,29.4588,0,146,40.2,144.413,-37.8855,0,2.66454e-16,25,0,46,0,0,0,0,0,0,0,0
149,78,0,0.2645,29.52,0,134,40.2,144.413,-37.8854,0,2.66454e-16,25,0,47,0,0,0,0,0,0,0,0
150,80,0,0.273,29.5704,0,128,40.2,144.413,-37.8854,0,2.66454e-16,25,0,45,0,0,0,0,0,0,0,0
151,80,0,0.28206,29.9952,0,128,40.2,144.413,-37.8853,0,2.66454e-16,25,0,45,0,0,0,0,0,0,0,0
152,82,0,0.2913,30.5064,0,129,40.2,144.413,-37.8852,0,2.66454e-16,25,0,46,0,0,0,0,0,0,0,0
153,82,0,0.30006,30.4128,0,129,40.2,144.413,-37.8851,0,2.66454e-16,25,0,47,0,0,0,0,0,0,0,0
154,82,0,0.30884,29.9808,0,127,40.2,144.413,-37.885,0,2.66454e-16,25,0,47,0,0,0,0,0,0,0,0
155,82,0,0.31769,30.384,0,128,40.2,144.413,-37.885,0,2.66454e-16,25,0,47,0,0,0,0,0,0,0,0
156,82,0,0.32651,30.2832,0,129,40.2,144.414,-37.8849,0,2.66454e-16,25,0,48,0,0,0,0,0,0,0,0
157,82,0,0.33502,30.4236,0,128,40.2,144.414,-37.8848,0,2.66454e-16,25,0,48,0,0,0,0,0,0,0,0
158,82,0,0.34369,30.366,0,122,40.2,144.414,-37.8847,0,2.66454e-16,25,0,47,0,0,0,0,0,0,0,0
159,83,0,0.35216,29.3868,0,125,40.2,144.414,-37.8847,0,2.66454e-16,25,0,47,0,0,0,0,0,0,0,0
160,84,0,0.36117,29.9232,0,139,40.2,144.414,-37.8846,0,2.66454e-16,25,0,47,0,0,0,0,0,0,0,0
161,84,0,0.37014,30.294,0,143,40.2,144.414,-37.8845,0,2.66454e-16,25,0,48,0,0,0,0,0,0,0,0
162,84,0,0.37892,30.6576,0,125,40.2,144.414,-37.8844,0,2.66454e-16,25,0,48,0,0,0,0,0,0,0,0
163,85,0,0.38788,30.7008,0,115,40.6,144.414,-37.8843,0,0.446429,25,0,48,0,0,0,0,0,0,0,0
164,85,0,0.39677,30.7656,0,115,41,144.414,-37.8843,0,0.896372,25,0,48,0,0,0,0,0,0,0,0
165,86,0,0.40516,30.1176,0,119,41.4,144.414,-37.8842,0,1.37313,25,0,49,0,0,0,0,0,0,0,0
166,86,0,0.41416,30.6756,0,129,41.8,144.414,-37.8841,0,1.81757,25,0,50,0,0,0,0,0,0,0,0
167,86,0,0.42318,30.7404,0,136,42.4,144.414,-37.884,0,2.48276,25,0,50,0,0,0,0,0,0,0,0
168,86,0,0.43182,31.0536,0,134,42.4,144.414,-37.8839,0,2.48276,25,0,50,0,0,0,0,0,0,0,0
169,86,0,0.44089,31.7232,0,120,42.4,144.414,-37.8839,0,2.48276,25,0,52,0,0,0,0,0,0,0,0
170,87,0,0.44996,32.1444,0,116,42.4,144.414,-37.8838,0,2.48276,25,0,51,0,0,0,0,0,0,0,0
171,87,0,0.45926,32.7492,0,125,42.4,144.414,-37.8837,0,2.48276,25,0,50,0,0,0,0,0,0,0,0
172,87,0,0.46881,33.2892,0,135,42.4,144.414,-37.8836,0,2.48276,25,0,49,0,0,0,0,0,0,0,0
173,87,0,0.47795,33.3504,0,135,42.4,144.414,-37.8835,0,2.03633,25,0,49,0,0,0,0,0,0,0,0
174,87,0,0.48725,33.426,0,141,42.4,144.414,-37.8835,0,1.58639,25,0,46,0,0,0,0,0,0,0,0
175,88,0,0.49666,33.3756,0,143,42.4,144.414,-37.8834,0,1.10963,25,0,46,0,0,0,0,0,0,0,0
176,89,0,0.50537,32.7168,0,144,42.4,144.414,-37.8833,0,0.665188,25,0,46,0,0,0,0,0,0,0,0
177,90,0,0.51358,31.6404,0,144,42.4,144.414,-37.8832,0,4.44089e-16,25,0,46,0,0,0,0,0,0,0,0
178,90,0,0.52272,32.0904,0,132,42.4,144.414,-37.8831,0,4.44089e-16,25,0,47,0,0,0,0,0,0,0,0
179,90,0,0.53162,32.1588,0,140,42.4,144.414,-37.8831,0,4.44089e-16,25,0,47,0,0,0,0,0,0,0,0
180,91,0,0.54061,32.1912,0,144,42.4,144.414,-37.883,0,4.44089e-16,25,0,47,0,0,0,0,0,0,0,0
181,91,0,0.5499,32.5476,0,136,42.4,144.414,-37.8829,0,4.44089e-16,25,0,47,0,0,0,0,0,0,0,0
182,92,0,0.5594,32.6808,0,136,42.4,144.414,-37.8828,0,4.44089e-16,25,0,47,0,0,0,0,0,0,0,0
183,92,0,0.56893,33.156,0,153,42.4,144.414,-37.8827,0,4.44089e-16,25,0,45,0,0,0,0,0,0,0,0
184,91,0,0.57887,33.9372,0,119,42.4,144.414,-37.8826,0,4.44089e-16,25,0,44,0,0,0,0,0,0,0,0
185,91,0,0.58838,33.804,0,119,42.4,144.414,-37.8826,0,4.44089e-16,25,0,44,0,0,0,0,0,0,0,0
186,91,0,0.59757,33.3,0,111,42.4,144.414,-37.8825,0,4.44089e-16,25,0,43,0,0,0,0,0,0,0,0
187,92,0,0.60781,33.8436,0,104,42.4,144.414,-37.8824,0,4.44089e-16,25,0,46,0,0,0,0,0,0,0,0
188,93,0,0.6185,34.3116,0,112,42.4,144.414,-37.8823,0,4.44089e-16,25,0,46,0,0,0,0,0,0,0,0
189,93,0,0.62878,34.8912,0,126,42.4,144.414,-37.8822,0,4.44089e-16,25,0,47,0,0,0,0,0,0,0,0
190,93,0,0.63839,34.3764,0,141,42.4,144.414,-37.8821,0,4.44089e-16,25,0,46,0,0,0,0,0,0,0,0
191,93,0,0.64792,34.0344,0,139,42.4,144.414,-37.882,0,4.44089e-16,25,0,48,0,0,0,0,0,0,0,0
192,94,0,0.65681,33.6348,0,143,42.4,144.414,-37.8819,0,4.44089e-16,25,0,46,0,0,0,0,0,0,0,0
193,95,0,0.66738,34.7112,0,151,42.4,144.414,-37.8818,0,4.44089e-16,25,0,45,0,0,0,0,0,0,0,0
194,95,0,0.67723,34.7796,0,139,42.4,144.414,-37.8818,0,4.44089e-16,25,0,46,0,0,0,0,0,0,0,0
195,95,0,0.6876,34.9164,0,139,42.4,144.414,-37.8817,0,4.44089e-16,25,0,46,0,0,0,0,0,0,0,0
196,97,0,0.69804,35.6544,0,111,42.4,144.414,-37.8816,0,4.44089e-16,25,0,45,0,0,0,0,0,0,0,0
197,98,0,0.70807,35.7624,0,120,42.4,144.414,-37.8815,0,4.44089e-16,25,0,48,0,0,0,0,0,0,0,0
198,98,0,0.71821,35.7948,0,132,42.4,144.414,-37.8814,0,4.44089e-16,25,0,48,0,0,0,0,0,0,0,0
199,98,0,0.72719,35.3772,0,144,42.4,144.414,-37.8813,0,4.44089e-16,25,0,47,0,0,0,0,0,0,0,0
200,98,0,0.73722,35.7552,0,144,42.4,144.414,-37.8812,0,4.44089e-16,25,0,47,0,0,0,0,0,0,0,0
201,98,0,0.74661,35.838,0,140,42.4,144.414,-37.8811,0,4.44089e-16,25,0,45,0,0,0,0,0,0,0,0
202,99,0,0.75627,36.1296,0,143,42.4,144.414,-37.881,0,4.44089e-16,25,0,46,0,0,0,0,0,0,0,0
203,99,0,0.76657,36.5112,0,135,42.4,144.414,-37.8809,0,4.44089e-16,25,0,45,0,0,0,0,0,0,0,0
204,99,0,0.7776,36.6084,0,125,42.4,144.414,-37.8808,0,4.44089e-16,25,0,45,0,0,0,0,0,0,0,0
205,100,0,0.78876,36.9252,0,125,42.4,144.414,-37.8807,0,4.44089e-16,25,0,45,0,0,0,0,0,0,0,0
206,99,0,0.79918,37.0584,0,105,42.4,144.414,-37.8807,0,4.44089e-16,25,0,46,0,0,0,0,0,0,0,0
207,100,0,0.80944,37.1016,0,100,42.4,144.414,-37.8806,0,4.44089e-16,25,0,44,0,0,0,0,0,0,0,0
208,101,0,0.819,36.9936,0,100,42.4,144.414,-37.8805,0,4.44089e-16,25,0,44,0,0,0,0,0,0,0,0
209,100,0,0.82899,36.4248,0,125,42.4,144.414,-37.8804,0,4.44089e-16,25,0,44,0,0,0,0,0,0,0,0
210,100,0,0.83902,36.3852,0,138,42.4,144.414,-37.8803,0,4.44089e-16,25,0,46,0,0,0,0,0,0,0,0
211,100,0,0.84897,35.9208,0,141,42.4,144.414,-37.8802,0,4.44089e-16,25,0,47,0,0,0,0,0,0,0,0
212,99,0,0.85871,35.856,0,136,42.4,144.414,-37.8801,0,4.44089e-16,25,0,48,0,0,0,0,0,0,0,0
213,99,0,0.8683,35.1972,0,111,42.4,144.414,-37.8801,0,4.44089e-16,25,0,44,0,0,0,0,0,0,0,0
214,99,0,0.87824,35.8128,0,100,42.4,144.414,-37.88,0,4.44089e-16,25,0,45,0,0,0,0,0,0,0,0
215,99,0,0.88761,35.3628,0,105,42.4,144.414,-37.8799,0,4.44089e-16,25,0,46,0,0,0,0,0,0,0,0
216,99,0,0.89779,35.8416,0,105,42.4,144.414,-37.8798,0,4.44089e-16,25,0,46,0,0,0,0,0,0,0,0
217,99,0,0.90776,35.8236,0,119,42.4,144.414,-37.8797,0,4.44089e-16,25,0,46,0,0,0,0,0,0,0,0
218,98,0,0.91771,35.2116,0,116,42.4,144.414,-37.8797,0,4.44089e-16,25,0,44,0,0,0,0,0,0,0,0
219,98,0,0.92762,35.208,0,113,42.4,144.413,-37.8796,0,4.44089e-16,25,0,44,0,0,0,0,0,0,0,0
220,98,0,0.93797,35.3052,0,113,42.4,144.413,-37.8795,0,4.44089e-16,25,0,44,0,0,0,0,0,0,0,0
221,98,0,0.94855,36.0612,0,141,42.4,144.413,-37.8794,0,4.44089e-16,25,0,46,0,0,0,0,0,0,0,0
222,98,0,0.95809,35.2476,0,157,42.4,144.413,-37.8793,0,4.44089e-16,25,0,46,0,0,0,0,0,0,0,0
223,98,0,0.96819,35.2584,0,147,42.4,144.413,-37.8793,0,4.44089e-16,25,0,45,0,0,0,0,0,0,0,0
224,98,0,0.97798,35.37,0,143,42.4,144.413,-37.8792,0,4.44089e-16,25,0,46,0,0,0,0,0,0,0,0
225,98,0,0.98753,34.6068,0,147,42.4,144.413,-37.8791,0,4.44089e-16,25,0,46,0,0,0,0,0,0,0,0
226,98,0,0.99776,35.01,0,147,42.4,144.413,-37.8791,0,4.44089e-16,25,0,46,0,0,0,0,0,0,0,0
227,97,0,1.00794,34.9524,0,143,42.4,144.413,-37.879,0,4.44089e-16,25,0,45,0,0,0,0,0,0,0,0
228,97,0,1.01778,34.8336,0,137,42.4,144.413,-37.8789,0,4.44089e-16,25,0,46,0,0,0,0,0,0,0,0
229,97,0,1.02786,34.7868,0,123,42.4,144.413,-37.8789,0,4.44089e-16,25,0,45,0,0,0,0,0,0,0,0
230,97,0,1.03655,33.8436,0,109,42.4,144.413,-37.8788,0,4.44089e-16,25,0,47,0,0,0,0,0,0,0,0
231,97,0,1.04561,33.8472,0,109,42.4,144.413,-37.8788,0,4.44089e-16,25,0,47,0,0,0,0,0,0,0,0
232,96,0,1.05465,34.4124,0,110,42.4,144.413,-37.8787,0,4.44089e-16,25,0,45,0,0,0,0,0,0,0,0
233,95,0,1.06357,34.3116,0,112,42.4,144.412,-37.8787,0,4.44089e-16,25,0,46,0,0,0,0,0,0,0,0
234,95,0,1.07281,33.966,0,104,42.4,144.412,-37.8786,0,4.44089e-16,25,0,47,0,0,0,0,0,0,0,0
235,95,0,1.08167,33.8472,0,102,42.4,144.412,-37.8786,0,4.44089e-16,25,0,48,0,0,0,0,0,0,0,0
236,95,0,1.09091,33.9408,0,102,42.4,144.412,-37.8785,0,4.44089e-16,25,0,48,0,0,0,0,0,0,0,0
237,95,0,1.1003,34.4664,0,113,42.4,144.412,-37.8785,0,4.44089e-16,25,0,48,0,0,0,0,0,0,0,0
238,94,0,1.10883,33.8868,0,150,42.4,144.412,-37.8784,0,4.44089e-16,25,0,50,0,0,0,0,0,0,0,0
239,93,0,1.11963,35.2008,0,150,42.4,144.412,-37.8783,0,4.44089e-16,25,0,50,0,0,0,0,0,0,0,0
240,93,0,1.12992,35.6868,0,125,42.4,144.412,-37.8783,0,4.44089e-16,25,0,47,0,0,0,0,0,0,0,0
241,93,0,1.14,35.2548,0,133,42.4,144.412,-37.8782,0,4.44089e-16,25,0,48,0,0,0,0,0,0,0,0
242,93,0,1.15013,35.2476,0,148,42.4,144.412,-37.8782,0,4.44089e-16,25,0,47,0,0,0,0,0,0,0,0
243,93,0,1.15965,34.7256,0,148,42.4,144.412,-37.8781,0,4.44089e-16,25,0,46,0,0,0,0,0,0,0,0
244,93,0,1.16902,34.2,0,131,42.4,144.412,-37.8781,0,4.44089e-16,25,0,45,0,0,0,0,0,0,0,0
245,93,0,1.17823,33.2064,0,120,42.4,144.411,-37.8781,0,4.44089e-16,25,0,43,0,0,0,0,0,0,0,0
246,93,0,1.18752,33.2604,0,125,42.4,144.411,-37.878,0,4.44089e-16,25,0,43,0,0,0,0,0,0,0,0
247,93,0,1.19687,33.6816,0,133,42.4,144.411,-37.878,0,4.44089e-16,25,0,43,0,0,0,0,0,0,0,0
248,93,0,1.20646,34.272,0,139,42.4,144.411,-37.878,0,4.44089e-16,25,0,45,0,0,0,0,0,0,0,0
249,93,0,1.21539,34.182,0,139,42.4,144.411,-37.8779,0,4.44089e-16,25,0,45,0,0,0,0,0,0,0,0
250,93,0,1.22511,33.6816,0,127,42.4,144.411,-37.8779,0,4.44089e-16,25,0,45,0,0,0,0,0,0,0,0
251,93,0,1.23449,33.9984,0,125,42.4,144.411,-37.8779,0,4.44089e-16,25,0,46,0,0,0,0,0,0,0,0
252,93,0,1.24368,33.5412,0,132,42.4,144.411,-37.8779,0,4.44089e-16,25,0,47,0,0,0,0,0,0,0,0
253,93,0,1.25287,33.5052,0,129,42.4,144.411,-37.8779,0,4.44089e-16,25,0,48,0,0,0,0,0,0,0,0
254,93,0,1.26192,33.39,0,119,42.4,144.411,-37.8778,0,4.44089e-16,25,0,47,0,0,0,0,0,0,0,0
255,93,0,1.27116,33.426,0,122,42.4,144.41,-37.8778,0,4.44089e-16,25,0,47,0,0,0,0,0,0,0,0
256,93,0,1.28044,34.0056,0,124,42.4,144.41,-37.8778,0,4.44089e-16,25,0,47,0,0,0,0,0,0,0,0
257,93,0,1.28956,33.8652,0,119,42.4,144.41,-37.8778,0,4.44089e-16,25,0,46,0,0,0,0,0,0,0,0
258,92,0,1.29863,33.2964,0,116,42.4,144.41,-37.8778,0,4.44089e-16,25,0,47,0,0,0,0,0,0,0,0
259,92,0,1.30797,33.912,0,116,42.4,144.41,-37.8778,0,4.44089e-16,25,0,47,0,0,0,0,0,0,0,0
260,92,0,1.31715,33.8904,0,125,42.4,144.41,-37.8778,0,4.44089e-16,25,0,46,0,0,0,0,0,0,0,0
261,92,0,1.32608,33.1092,0,119,42.4,144.41,-37.8778,0,4.44089e-16,25,0,47,0,0,0,0,0,0,0,0
262,92,0,1.33515,32.7456,0,119,42.4,144.41,-37.8777,0,4.44089e-16,25,0,47,0,0,0,0,0,0,0,0
263,92,0,1.34425,33.1308,0,118,42.4,144.41,-37.8777,0,4.44089e-16,25,0,46,0,0,0,0,0,0,0,0
264,92,0,1.35343,34.0308,0,131,42.4,144.409,-37.8777,0,4.44089e-16,25,0,46,0,0,0,0,0,0,0,0
265,92,0,1.3624,33.1344,0,117,42.4,144.409,-37.8777,0,4.44089e-16,25,0,45,0,0,0,0,0,0,0,0
266,92,0,1.37129,32.5296,0,107,42.4,144.409,-37.8777,0,4.44089e-16,25,0,47,0,0,0,0,0,0,0,0
267,92,0,1.38002,32.4504,0,107,42.4,144.409,-37.8777,0,4.44089e-16,25,0,47,0,0,0,0,0,0,0,0
268,91,0,1.38899,32.4468,0,120,42.4,144.409,-37.8777,0,4.44089e-16,25,0,47,0,0,0,0,0,0,0,0
269,91,0,1.39812,33.102,0,114,42.4,144.409,-37.8778,0,4.44089e-16,25,0,48,0,0,0,0,0,0,0,0
270,91,0,1.40753,33.6744,0,114,42.4,144.409,-37.8778,0,4.44089e-16,25,0,48,0,0,0,0,0,0,0,0
271,90,0,1.41669,33.0732,0,124,42.4,144.409,-37.8778,0,4.44089e-16,25,0,46,0,0,0,0,0,0,0,0
272,90,0,1.42594,33.1524,0,135,42.4,144.409,-37.8778,0,4.44089e-16,25,0,45,0,0,0,0,0,0,0,0
273,89,0,1.43527,33.0408,0,132,42.4,144.409,-37.8778,0,4.44089e-16,25,0,46,0,0,0,0,0,0,0,0
274,89,0,1.44455,33.3432,0,131,42.4,144.408,-37.8778,0,4.44089e-16,25,0,46,0,0,0,0,0,0,0,0
275,90,0,1.45399,33.2496,0,126,42.4,144.408,-37.8778,0,4.44089e-16,25,0,47,0,0,0,0,0,0,0,0
276,89,0,1.46318,33.228,0,128,42.4,144.408,-37.8779,0,4.44089e-16,25,0,48,0,0,0,0,0,0,0,0
277,89,0,1.47227,33.102,0,132,42.4,144.408,-37.8779,0,4.44089e-16,25,0,48,0,0,0,0,0,0,0,0
278,90,0,1.48079,31.8708,0,132,42.4,144.408,-37.8779,0,4.44089e-16,25,0,48,0,0,0,0,0,0,0,0
279,90,0,1.48959,31.8636,0,139,42.4,144.408,-37.878,0,4.44089e-16,25,0,48,0,0,0,0,0,0,0,0
280,90,0,1.49798,31.7808,0,139,42.4,144.408,-37.878,0,4.44089e-16,25,0,48,0,0,0,0,0,0,0,0
281,90,0,1.5067,32.256,0,132,42.4,144.408,-37.878,0,4.44089e-16,25,0,46,0,0,0,0,0,0,0,0
282,90,0,1.51535,32.2668,0,130,42.4,144.408,-37.8781,0,4.44089e-16,25,0,46,0,0,0,0,0,0,0,0
283,90,0,1.52407,31.9176,0,135,42.4,144.408,-37.8781,0,4.44089e-16,25,0,46,0,0,0,0,0,0,0,0
284,90,0,1.53282,32.598,0,210,42.4,144.407,-37.8781,0,4.44089e-16,25,0,48,0,0,0,0,0,0,0,0
285,90,0,1.54167,32.6736,0,210,42.4,144.407,-37.8782,0,4.44089e-16,25,0,48,0,0,0,0,0,0,0,0
286,90,0,1.55049,32.616,0,224,42.4,144.407,-37.8782,0,4.44089e-16,25,0,47,0,0,0,0,0,0,0,0
287,91,0,1.55942,32.7564,0,197,42.4,144.407,-37.8783,0,4.44089e-16,25,0,48,0,0,0,0,0,0,0,0
288,92,0,1.56841,32.8536,0,211,42.4,144.407,-37.8783,0,4.44089e-16,25,0,49,0,0,0,0,0,0,0,0
289,92,0,1.5776,33.2892,0,222,42.4,144.407,-37.8784,0,4.44089e-16,25,0,49,0,0,0,0,0,0,0,0
290,92,0,1.58669,33.5988,0,222,42.4,144.407,-37.8784,0,4.44089e-16,25,0,49,0,0,0,0,0,0,0,0
291,92,0,1.59587,33.2064,0,194,42.4,144.407,-37.8785,0,4.44089e-16,25,0,48,0,0,0,0,0,0,0,0
292,92,0,1.60461,33.5988,0,172,42.4,144.407,-37.8785,0,4.44089e-16,25,0,49,0,0,0,0,0,0,0,0
293,93,0,1.61358,33.516,0,172,42.4,144.407,-37.8786,0,4.44089e-16,25,0,49,0,0,0,0,0,0,0,0
294,93,0,1.62254,33.9228,0,149,42.4,144.407,-37.8786,0,4.44089e-16,25,0,47,0,0,0,0,0,0,0,0
295,93,0,1.63117,33.9048,0,169,42.4,144.407,-37.8787,0,4.44089e-16,25,0,47,0,0,0,0,0,0,0,0
296,93,0,1.63964,34.398,0,170,42.4,144.406,-37.8787,0,4.44089e-16,25,0,45,0,0,0,0,0,0,0,0
297,93,0,1.64874,34.3332,0,168,42.4,144.406,-37.8788,0,4.44089e-16,25,0,45,0,0,0,0,0,0,0,0
298,93,0,1.65931,34.956,0,171,42.4,144.406,-37.8789,0,4.44089e-16,25,0,45,0,0,0,0,0,0,0,0
299,93,0,1.66919,34.2792,0,173,42.4,144.406,-37.8789,0,4.44089e-16,25,0,43,0,0,0,0,0,0,0,0
300,94,0,1.67903,34.1712,0,192,42.4,144.406,-37.879,0,4.44089e-16,25,0,44,0,0,0,0,0,0,0,0
301,94,0,1.68823,34.1136,0,192,42.4,144.406,-37.879,0,4.44089e-16,25,0,44,0,0,0,0,0,0,0,0
302,94,0,1.69766,34.1496,0,181,42.4,144.406,-37.8791,0,4.44089e-16,25,0,45,0,0,0,0,0,0,0,0
303,95,0,1.70714,35.2332,0,181,42.4,144.406,-37.8792,0,4.44089e-16,25,0,45,0,0,0,0,0,0,0,0
304,95,0,1.71715,35.9064,0,155,42.4,144.406,-37.8793,0,4.44089e-16,25,0,47,0,0,0,0,0,0,0,0
305,95,0,1.72723,35.5824,0,152,42.4,144.406,-37.8793,0,4.44089e-16,25,0,46,0,0,0,0,0,0,0,0
306,96,0,1.73644,35.568,0,148,42.4,144.406,-37.8794,0,4.44089e-16,25,0,48,0,0,0,0,0,0,0,0
307,97,0,1.74586,35.1036,0,148,42.4,144.406,-37.8795,0,4.44089e-16,25,0,49,0,0,0,0,0,0,0,0
308,97,0,1.75513,34.5132,0,164,42.4,144.406,-37.8795,0,4.44089e-16,25,0,48,0,0,0,0,0,0,0,0
309,97,0,1.76432,34.11,0,162,42.4,144.406,-37.8796,0,4.44089e-16,25,0,45,0,0,0,0,0,0,0,0
310,98,0,1.77407,34.5096,0,162,42.4,144.406,-37.8797,0,4.44089e-16,25,0,45,0,0,0,0,0,0,0,0
311,97,0,1.78388,34.5636,0,186,42.4,144.405,-37.8798,0,4.44089e-16,25,0,44,0,0,0,0,0,0,0,0
312,97,0,1.79403,34.6176,0,186,42.4,144.405,-37.8799,0,4.44089e-16,25,0,44,0,0,0,0,0,0,0,0
313,97,0,1.80341,34.2792,0,193,42.4,144.405,-37.88,0,4.44089e-16,25,0,45,0,0,0,0,0,0,0,0
314,97,0,1.81296,34.326,0,181,42.4,144.405,-37.8801,0,4.44089e-16,25,0,46,0,0,0,0,0,0,0,0
315,97,0,1.82273,34.6572,0,178,42.4,144.405,-37.8801,0,4.44089e-16,25,0,45,0,0,0,0,0,0,0,0
316,97,0,1.83201,33.7716,0,178,42.4,144.405,-37.8802,0,4.44089e-16,25,0,45,0,0,0,0,0,0,0,0
317,96,0,1.84146,34.4304,0,161,42.4,144.405,-37.8803,0,4.44089e-16,25,0,46,0,0,0,0,0,0,0,0
318,95,0,1.8509,33.9552,0,168,42.4,144.405,-37.8804,0,4.44089e-16,25,0,46,0,0,0,0,0,0,0,0
319,95,0,1.86053,33.9264,0,181,42.4,144.405,-37.8805,0,4.44089e-16,25,0,45,0,0,0,0,0,0,0,0
320,94,0,1.8699,34.0488,0,181,42.4,144.405,-37.8806,0,4.44089e-16,25,0,46,0,0,0,0,0,0,0,0
321,93,0,1.87898,33.984,0,181,42.4,144.405,-37.8806,0,4.44089e-16,25,0,46,0,0,0,0,0,0,0,0
322,93,0,1.88816,33.948,0,185,42.4,144.405,-37.8807,0,4.44089e-16,25,0,45,0,0,0,0,0,0,0,0
323,93,0,1.8974,33.8184,0,193,42.4,144.405,-37.8808,0,4.44089e-16,25,0,45,0,0,0,0,0,0,0,0
324,93,0,1.90611,32.8752,0,193,42.4,144.405,-37.8809,0,4.44089e-16,25,0,45,0,0,0,0,0,0,0,0
325,93,0,1.9155,32.9184,0,235,42.4,144.405,-37.881,0,4.44089e-16,25,0,45,0,0,0,0,0,0,0,0
326,93,0,1.92479,33.2172,0,225,42.8,144.405,-37.881,0,0.430571,25,0,45,0,0,0,0,0,0,0,0
327,93,0,1.93379,32.7096,0,225,43.2,144.405,-37.8811,0,0.875015,25,0,45,0,0,0,0,0,0,0,0
328,93,0,1.94309,33.0552,0,205,43.6,144.405,-37.8812,0,1.30512,25,0,46,0,0,0,0,0,0,0,0
329,93,0,1.95222,32.7492,0,204,44,144.405,-37.8813,0,1.74324,25,0,45,0,0,0,0,0,0,0,0
330,93,0,1.96154,33.0588,0,206,44.6,144.405,-37.8814,0,2.38702,25,0,44,0,0,0,0,0,0,0,0
331,93,0,1.9704,32.67,0,206,44.6,144.405,-37.8815,0,2.38702,25,0,44,0,0,0,0,0,0,0,0
332,93,0,1.97898,31.9104,0,202,44.6,144.405,-37.8815,0,2.38702,25,0,45,0,0,0,0,0,0,0,0
333,93,0,1.98784,32.2776,0,202,44.6,144.405,-37.8816,0,2.38702,25,0,45,0,0,0,0,0,0,0,0
334,93,0,1.99628,32.2236,0,231,44.6,144.405,-37.8817,0,2.38702,25,0,46,0,0,0,0,0,0,0,0
335,93,0,2.00489,31.6728,0,231,44.6,144.405,-37.8818,0,2.38702,25,0,46,0,0,0,0,0,0,0,0
336,93,0,2.01335,31.554,0,216,44.6,144.405,-37.8819,0,1.95644,25,0,46,0,0,0,0,0,0,0,0
337,93,0,2.02244,31.662,0,215,44.6,144.405,-37.8819,0,1.512,25,0,46,0,0,0,0,0,0,0,0
338,93,0,2.03166,32.0868,0,186,44.6,144.405,-37.882,0,1.08189,25,0,47,0,0,0,0,0,0,0,0
339,93,0,2.04111,32.7672,0,186,44.6,144.405,-37.8821,0,0.643777,25,0,48,0,0,0,0,0,0,0,0
340,93,0,2.05057,33.4044,0,209,44.6,144.405,-37.8822,0,2.66454e-16,25,0,46,0,0,0,0,0,0,0,0
341,93,0,2.05995,33.912,0,211,44.6,144.405,-37.8823,0,2.66454e-16,25,0,45,0,0,0,0,0,0,0,0
342,94,0,2.06951,34.0164,0,211,44.6,144.405,-37.8824,0,2.66454e-16,25,0,45,0,0,0,0,0,0,0,0
343,94,0,2.07949,34.9164,0,184,44.6,144.405,-37.8824,0,2.66454e-16,25,0,45,0,0,0,0,0,0,0,0
344,95,0,2.09015,35.9028,0,184,44.6,144.405,-37.8825,0,2.66454e-16,25,0,45,0,0,0,0,0,0,0,0
345,95.5,0,2.09898,35.8758,0,186,44.6,144.405,-37.8826,0,2.66454e-16,25,0,44.5,0,0,0,0,0,0,0,0
346,96,0,2.10781,35.8488,0,188,44.6,144.405,-37.8827,0,2.66454e-16,25,0,44,0,0,0,0,0,0,0,0
347,97,0,2.11815,35.9064,0,174,44.6,144.405,-37.8828,0,2.66454e-16,25,0,44,0,0,0,0,0,0,0,0
348,98,0,2.12813,35.6112,0,174,44.6,144.405,-37.8829,0,2.66454e-16,25,0,44,0,0,0,0,0,0,0,0
349,98,0,2.13778,35.3016,0,162,44.6,144.405,-37.883,0,2.66454e-16,25,0,43,0,0,0,0,0,0,0,0
350,98,0,2.14771,34.956,0,214,44.6,144.405,-37.8831,0,2.66454e-16,25,0,45,0,0,0,0,0,0,0,0
351,93,0,2.15814,34.884,0,261,44.6,144.405,-37.8831,0,2.66454e-16,25,0,44,0,0,0,0,0,0,0,0
352,76,0,2.16701,34.884,0,243,44.6,144.405,-37.8832,0,2.66454e-16,25,0,48,0,0,0,0,0,0,0,0
353,69,0,2.17684,34.9956,0,243,44.6,144.405,-37.8833,0,2.66454e-16,25,0,48,0,0,0,0,0,0,0,0
354,66,0,2.18804,35.9028,0,203,44.6,144.405,-37.8834,0,2.66454e-16,25,0,46,0,0,0,0,0,0,0,0
355,65,0,2.19712,35.9028,0,203,44.6,144.405,-37.8835,0,2.66454e-16,25,0,46,0,0,0,0,0,0,0,0
356,66,0,2.20926,38.4516,0,221,44.6,144.405,-37.8836,0,2.66454e-16,25,0,46,0,0,0,0,0,0,0,0
357,66,0,2.2191,38.4516,0,210,44.6,144.405,-37.8837,0,2.66454e-16,25,0,46,0,0,0,0,0,0,0,0
358,67,0,2.22931,38.5452,0,210,44.6,144.405,-37.8838,0,2.66454e-16,25,0,46,0,0,0,0,0,0,0,0
359,67,0,2.23955,38.502,0,187,44.6,144.405,-37.8839,0,2.66454e-16,25,0,47,0,0,0,0,0,0,0,0
360,68,0,2.2492,37.7172,0,183,44.6,144.405,-37.884,0,2.66454e-16,25,0,44,0,0,0,0,0,0,0,0
361,68,0,2.25985,37.458,0,184,44.6,144.404,-37.884,0,2.66454e-16,25,0,45,0,0,0,0,0,0,0,0
362,68,0,2.26976,37.1016,0,205,44.6,144.404,-37.8841,0,2.66454e-16,25,0,46,0,0,0,0,0,0,0,0
363,68,0,2.27922,37.1016,0,196,44.6,144.404,-37.8842,0,2.66454e-16,25,0,46,0,0,0,0,0,0,0,0
364,68,0,2.28954,37.9512,0,197,44.6,144.404,-37.8843,0,2.66454e-16,25,0,48,0,0,0,0,0,0,0,0
365,68,0,2.30111,38.5488,0,199,44.6,144.404,-37.8844,0,2.66454e-16,25,0,49,0,0,0,0,0,0,0,0
366,69,0,2.31093,38.5488,0,199,44.6,144.404,-37.8845,0,2.66454e-16,25,0,49,0,0,0,0,0,0,0,0
367,69,0,2.32155,38.592,0,183,44.6,144.404,-37.8846,0,2.66454e-16,25,0,50,0,0,0,0,0,0,0,0
368,70,0,2.33277,39.3588,0,195,44.6,144.404,-37.8847,0,2.66454e-16,25,0,48,0,0,0,0,0,0,0,0
369,70,0,2.34362,39.3588,0,188,44.6,144.404,-37.8848,0,2.66454e-16,25,0,48,0,0,0,0,0,0,0,0
370,70,0,2.3544,39.456,0,155,44.6,144.404,-37.8849,0,2.66454e-16,25,0,48,0,0,0,0,0,0,0,0
371,71,0,2.36556,39.312,0,184,44.6,144.404,-37.885,0,2.66454e-16,25,0,46,0,0,0,0,0,0,0,0
372,70,0,2.3783,40.14,0,213,44.6,144.404,-37.8851,0,2.66454e-16,25,0,46,0,0,0,0,0,0,0,0
373,70,0,2.38977,40.2804,0,214,44.6,144.404,-37.8852,0,2.66454e-16,25,0,46,0,0,0,0,0,0,0,0
374,71,0,2.40118,40.23,0,200,44.6,144.404,-37.8853,0,2.66454e-16,25,0,44,0,0,0,0,0,0,0,0
375,71,0,2.41234,39.7332,0,193,44.6,144.404,-37.8854,0,2.66454e-16,25,0,45,0,0,0,0,0,0,0,0
376,72,0,2.42247,39.7332,0,193,44.6,144.404,-37.8855,0,2.66454e-16,25,0,45,0,0,0,0,0,0,0,0
377,72,0,2.43323,39.3192,0,184,44.6,144.404,-37.8856,0,2.66454e-16,25,0,46,0,0,0,0,0,0,0,0
378,73,0,2.44484,40.0536,0,163,44.6,144.404,-37.8857,0,2.66454e-16,25,0,44,0,0,0,0,0,0,0,0
379,73,0,2.45871,41.3892,0,170,44.6,144.404,-37.8858,0,2.66454e-16,25,0,46,0,0,0,0,0,0,0,0
380,73,0,2.46926,41.3892,0,188,44.6,144.404,-37.8859,0,2.66454e-16,25,0,45,0,0,0,0,0,0,0,0
381,74,0,2.48141,41.8536,0,215,44.6,144.404,-37.886,0,2.66454e-16,25,0,44,0,0,0,0,0,0,0,0
382,74,0,2.4933,41.8572,0,223,44.6,144.404,-37.8861,0,2.66454e-16,25,0,46,0,0,0,0,0,0,0,0
383,74,0,2.50691,42.39,0,209,44.6,144.404,-37.8862,0,2.66454e-16,25,0,46,0,0,0,0,0,0,0,0
384,74,0,2.51765,42.39,0,209,44.6,144.404,-37.8863,0,2.66454e-16,25,0,46,0,0,0,0,0,0,0,0
385,74,0,2.53171,43.542,0,189,44.6,144.404,-37.8865,0,2.66454e-16,25,0,46,0,0,0,0,0,0,0,0
386,74,0,2.54276,43.542,0,180,44.6,144.404,-37.8866,0,2.66454e-16,25,0,45,0,0,0,0,0,0,0,0
387,74,0,2.55464,43.5708,0,180,44.6,144.404,-37.8867,0,2.66454e-16,25,0,45,0,0,0,0,0,0,0,0
388,74,0,2.56727,43.0452,0,210,44.6,144.404,-37.8868,0,2.66454e-16,25,0,45,0,0,0,0,0,0,0,0
389,75,0,2.57891,42.444,0,225,44.6,144.404,-37.8869,0,2.66454e-16,25,0,44,0,0,0,0,0,0,0,0
390,76,0,2.59108,42.5052,0,224,44.6,144.404,-37.887,0,2.66454e-16,25,0,46,0,0,0,0,0,0,0,0
391,76,0,2.60368,43.6356,0,230,44.6,144.404,-37.8871,0,2.66454e-16,25,0,45,0,0,0,0,0,0,0,0
392,77,0,2.6158,43.1676,0,222,44.6,144.404,-37.8872,0,2.66454e-16,25,0,46,0,0,0,0,0,0,0,0
393,77,0,2.62819,43.4772,0,204,44.6,144.404,-37.8873,0,2.66454e-16,25,0,46,0,0,0,0,0,0,0,0
394,77,0,2.64044,43.3512,0,182,44.6,144.404,-37.8874,0,2.66454e-16,25,0,45,0,0,0,0,0,0,0,0
395,77,0,2.65151,42.5016,0,182,44.6,144.404,-37.8875,0,2.66454e-16,25,0,45,0,0,0,0,0,0,0,0
396,77,0,2.66495,43.0524,0,152,44.6,144.404,-37.8877,0,2.66454e-16,25,0,45,0,0,0,0,0,0,0,0
397,77,0,2.67594,43.0524,0,152,44.6,144.404,-37.8878,0,2.66454e-16,25,0,45,0,0,0,0,0,0,0,0
398,77,0,2.68916,43.6284,0,226,44.6,144.404,-37.8879,0,2.66454e-16,25,0,43,0,0,0,0,0,0,0,0
399,77,0,2.70136,43.6824,0,226,44.6,144.404,-37.888,0,2.66454e-16,25,0,43,0,0,0,0,0,0,0,0
400,77,0,2.71244,43.6824,0,246,44.6,144.404,-37.8881,0,2.66454e-16,25,0,46,0,0,0,0,0,0,0,0
401,78,0,2.724,43.542,0,227,44.6,144.404,-37.8882,0,2.66454e-16,25,0,46,0,0,0,0,0,0,0,0
402,78,0,2.73605,43.2252,0,201,44.6,144.404,-37.8883,0,2.66454e-16,25,0,46,0,0,0,0,0,0,0,0
403,78,0,2.74759,42.8976,0,180,44.6,144.404,-37.8884,0,2.66454e-16,25,0,45,0,0,0,0,0,0,0,0
404,78,0,2.76092,43.8876,0,170,44.6,144.404,-37.8885,0,2.66454e-16,25,0,46,0,0,0,0,0,0,0,0
405,78,0,2.77293,43.4304,0,187,44.6,144.404,-37.8886,0,2.66454e-16,25,0,46,0,0,0,0,0,0,0,0
406,80,0,2.78404,43.4304,0,187,44.6,144.404,-37.8887,0,2.66454e-16,25,0,46,0,0,0,0,0,0,0,0
407,80,0,2.79715,43.5744,0,187,44.6,144.404,-37.8888,0,2.66454e-16,25,0,46,0,0,0,0,0,0,0,0
408,78,0,2.80831,43.5744,0,230,44.6,144.404,-37.8889,0,2.66454e-16,25,0,45,0,0,0,0,0,0,0,0
409,78,0,2.82183,44.5572,0,280,44.6,144.403,-37.889,0,2.66454e-16,25,0,48,0,0,0,0,0,0,0,0
410,79,0,2.83459,45.0504,0,238,44.6,144.403,-37.8892,0,2.66454e-16,25,0,47,0,0,0,0,0,0,0,0
411,80,0,2.84697,44.478,0,224,44.6,144.403,-37.8893,0,2.66454e-16,25,0,45,0,0,0,0,0,0,0,0
412,80,0,2.85828,44.478,0,224,44.6,144.403,-37.8894,0,2.66454e-16,25,0,45,0,0,0,0,0,0,0,0
413,80,0,2.87064,44.5572,0,224,44.6,144.403,-37.8895,0,2.66454e-16,25,0,45,0,0,0,0,0,0,0,0
414,82,0,2.88322,45.1944,0,216,44.6,144.403,-37.8896,0,2.66454e-16,25,0,45,0,0,0,0,0,0,0,0
415,82,0,2.89603,45.5688,0,204,44.6,144.403,-37.8897,0,2.66454e-16,25,0,44,0,0,0,0,0,0,0,0
416,82,0,2.9097,45.4788,0,181,44.6,144.403,-37.8898,0,2.66454e-16,25,0,46,0,0,0,0,0,0,0,0
417,82,0,2.92131,45.5508,0,181,44.6,144.403,-37.8899,0,2.66454e-16,25,0,46,0,0,0,0,0,0,0,0
418,82,0,2.93412,45.5508,0,181,44.6,144.403,-37.89,0,2.66454e-16,25,0,46,0,0,0,0,0,0,0,0
419,82,0,2.94688,45.6264,0,217,44.6,144.403,-37.8902,0,2.66454e-16,25,0,44,0,0,0,0,0,0,0,0
420,82,0,2.96047,45.324,0,226,44.6,144.403,-37.8903,0,2.66454e-16,25,0,45,0,0,0,0,0,0,0,0
421,82,0,2.97341,46.2024,0,232,44.6,144.403,-37.8904,0,2.66454e-16,25,0,44,0,0,0,0,0,0,0,0
422,82,0,2.98519,46.2024,0,232,44.6,144.403,-37.8905,0,2.66454e-16,25,0,44,0,0,0,0,0,0,0,0
423,82,0,2.99841,46.9692,0,187,44.6,144.403,-37.8906,0,2.66454e-16,25,0,43,0,0,0,0,0,0,0,0
424,83,0,3.01128,46.9476,0,180,44.6,144.403,-37.8907,0,2.66454e-16,25,0,42,0,0,0,0,0,0,0,0
425,84,0,3.02606,47.7504,0,204,44.6,144.403,-37.8909,0,2.66454e-16,25,0,43,0,0,0,0,0,0,0,0
426,84,0,3.03924,47.7828,0,249,44.6,144.403,-37.891,0,2.66454e-16,25,0,41,0,0,0,0,0,0,0,0
427,85,0,3.05218,47.6712,0,249,44.6,144.403,-37.8911,0,2.66454e-16,25,0,41,0,0,0,0,0,0,0,0
428,84,0,3.06566,48.2868,0,260,44.6,144.403,-37.8912,0,2.66454e-16,25,0,43,0,0,0,0,0,0,0,0
429,85,0,3.07802,48.2868,0,242,44.6,144.403,-37.8913,0,2.66454e-16,25,0,43,0,0,0,0,0,0,0,0
430,86,0,3.09171,49.0752,0,242,44.6,144.403,-37.8915,0,2.66454e-16,25,0,43,0,0,0,0,0,0,0,0
431,87,0,3.105,48.78,0,227,44.6,144.403,-37.8916,0,2.66454e-16,25,0,46,0,0,0,0,0,0,0,0
432,87,0,3.11827,48.7548,0,191,44.6,144.403,-37.8917,0,2.66454e-16,25,0,44,0,0,0,0,0,0,0,0
433,88,0,3.13225,49.0464,0,205,44.6,144.403,-37.8918,0,2.66454e-16,25,0,44,0,0,0,0,0,0,0,0
434,88,0,3.14557,48.7008,0,203,44.6,144.403,-37.8919,0,2.66454e-16,25,0,45,0,0,0,0,0,0,0,0
435,88,0,3.15926,48.8016,0,200,44.6,144.403,-37.8921,0,2.66454e-16,25,0,45,0,0,0,0,0,0,0,0
436,89,0,3.17318,48.924,0,200,44.6,144.403,-37.8922,0,2.66454e-16,25,0,45,0,0,0,0,0,0,0,0
437,89,0,3.18656,48.9924,0,219,44.6,144.403,-37.8923,0,2.66454e-16,25,0,44,0,0,0,0,0,0,0,0
438,90,0,3.19952,47.9808,0,225,44.6,144.403,-37.8924,0,2.66454e-16,25,0,43,0,0,0,0,0,0,0,0
439,90,0,3.21272,47.4876,0,242,44.6,144.403,-37.8925,0,2.66454e-16,25,0,44,0,0,0,0,0,0,0,0
440,89,0,3.2269,47.232,0,249,44.6,144.403,-37.8927,0,2.66454e-16,25,0,44,0,0,0,0,0,0,0,0
441,89,0,3.239,47.232,0,210,44.6,144.403,-37.8928,0,2.66454e-16,25,0,44,0,0,0,0,0,0,0,0
442,89,0,3.25142,46.692,0,215,44.6,144.403,-37.8929,0,2.66454e-16,25,0,43,0,0,0,0,0,0,0,0
443,90,0,3.26431,46.638,0,278,44.6,144.403,-37.893,0,2.66454e-16,25,0,44,0,0,0,0,0,0,0,0
444,90,0,3.2773,46.2852,0,285,44.6,144.403,-37.8931,0,2.66454e-16,25,0,42,0,0,0,0,0,0,0,0
445,89,0,3.2908,46.3932,0,255,44.6,144.403,-37.8932,0,2.66454e-16,25,0,44,0,0,0,0,0,0,0,0
446,89,0,3.30432,44.6508,0,244,44.6,144.404,-37.8933,0,2.66454e-16,25,0,45,0,0,0,0,0,0,0,0
447,89,0,3.31777,45.3348,0,238,44.6,144.404,-37.8934,0,2.66454e-16,25,0,44,0,0,0,0,0,0,0,0
448,89,0,3.32937,45.3348,0,225,44.6,144.404,-37.8935,0,2.66454e-16,25,0,45,0,0,0,0,0,0,0,0
449,89,0,3.34734,47.3436,0,225,44.6,144.404,-37.8937,0,2.66454e-16,25,0,45,0,0,0,0,0,0,0,0
450,89,0,3.3609,47.2572,0,238,44.6,144.404,-37.8938,0,2.66454e-16,25,0,44,0,0,0,0,0,0,0,0
451,89,0,3.37395,46.7208,0,248,44.6,144.404,-37.8939,0,2.66454e-16,25,0,44,0,0,0,0,0,0,0,0
452,89,0,3.38727,46.6992,0,257,44.6,144.404,-37.8939,0,2.66454e-16,25,0,43,0,0,0,0,0,0,0,0
453,89,0,3.39915,46.6992,0,235,44.6,144.404,-37.894,0,2.66454e-16,25,0,43,0,0,0,0,0,0,0,0
454,89,0,3.413,47.0916,0,220,44.6,144.404,-37.8941,0,2.66454e-16,25,0,44,0,0,0,0,0,0,0,0
455,89,0,3.42702,47.7684,0,221,44.6,144.404,-37.8942,0,2.66454e-16,25,0,43,0,0,0,0,0,0,0,0
456,89,0,3.4411,48.078,0,229,44.6,144.404,-37.8943,0,2.66454e-16,25,0,43,0,0,0,0,0,0,0,0
457,89,0,3.45659,48.8844,0,235,44.6,144.405,-37.8944,0,2.66454e-16,25,0,44,0,0,0,0,0,0,0,0
458,89,0,3.47023,48.942,0,223,44.6,144.405,-37.8945,0,2.66454e-16,25,0,44,0,0,0,0,0,0,0,0
459,89,0,3.48458,49.9536,0,223,44.6,144.405,-37.8945,0,2.66454e-16,25,0,44,0,0,0,0,0,0,0,0
460,90,0,3.4975,49.9536,0,204,44.6,144.405,-37.8946,0,2.66454e-16,25,0,44,0,0,0,0,0,0,0,0
461,89,0,3.5131,50.5296,0,204,44.6,144.405,-37.8947,0,2.66454e-16,25,0,44,0,0,0,0,0,0,0,0
462,89,0,3.52731,50.5944,0,207,44.6,144.405,-37.8948,0,2.66454e-16,25,0,44,0,0,0,0,0,0,0,0
463,89,0,3.54054,49.5684,0,188,44.6,144.405,-37.8948,0,2.66454e-16,25,0,44,0,0,0,0,0,0,0,0
464,89,0,3.55456,50.1048,0,184,44.6,144.406,-37.8949,0,2.66454e-16,25,0,44,0,0,0,0,0,0,0,0
465,89,0,3.56848,50.1984,0,247,44.6,144.406,-37.8949,0,2.66454e-16,25,0,45,0,0,0,0,0,0,0,0
466,89,0,3.5816,50.1984,0,294,44.6,144.406,-37.895,0,2.66454e-16,25,0,44,0,0,0,0,0,0,0,0
467,89,0,3.59703,51.4656,0,273,44.6,144.406,-37.895,0,2.66454e-16,25,0,46,0,0,0,0,0,0,0,0
468,90,0,3.6105,51.1128,0,219,44.6,144.406,-37.8951,0,2.66454e-16,25,0,45,0,0,0,0,0,0,0,0
469,91,0,3.62384,51.012,0,185,44.6,144.406,-37.8951,0,2.66454e-16,25,0,43,0,0,0,0,0,0,0,0
470,91,0,3.63726,51.012,0,207,44.6,144.406,-37.8951,0,2.66454e-16,25,0,45,0,0,0,0,0,0,0,0
471,91,0,3.65109,50.9004,0,199,44.6,144.407,-37.8951,0,2.66454e-16,25,0,44,0,0,0,0,0,0,0,0
472,90,0,3.66461,50.8068,0,195,44.6,144.407,-37.8951,0,2.66454e-16,25,0,44,0,0,0,0,0,0,0,0
473,90,0,3.6786,50.7528,0,235,44.6,144.407,-37.8952,0,2.66454e-16,25,0,46,0,0,0,0,0,0,0,0
474,90,0,3.6913,49.86,0,278,44.6,144.407,-37.8952,0,2.66454e-16,25,0,45,0,0,0,0,0,0,0,0
475,90,0,3.70481,50.2668,0,258,44.6,144.407,-37.8952,0,2.66454e-16,25,0,46,0,0,0,0,0,0,0,0
476,91,0,3.71876,51.0372,0,227,44.6,144.407,-37.8952,0,2.66454e-16,25,0,47,0,0,0,0,0,0,0,0
477,91,0,3.73303,51.6456,0,224,44.6,144.408,-37.8952,0,2.66454e-16,25,0,45,0,0,0,0,0,0,0,0
478,92,0,3.74682,51.246,0,206,44.6,144.408,-37.8952,0,2.66454e-16,25,0,46,0,0,0,0,0,0,0,0
479,92,0,3.7601,51.246,0,188,44.6,144.408,-37.8952,0,2.66454e-16,25,0,45,0,0,0,0,0,0,0,0
480,92,0,3.77483,51.9264,0,188,44.6,144.408,-37.8952,0,2.66454e-16,25,0,45,0,0,0,0,0,0,0,0
481,92,0,3.79295,53.1252,0,197,44.6,144.408,-37.8951,0,2.66454e-16,25,0,43,0,0,0,0,0,0,0,0
482,92,0,3.80676,53.1252,0,197,44.6,144.408,-37.8951,0,2.66454e-16,25,0,44,0,0,0,0,0,0,0,0
483,92,0,3.82139,53.1648,0,196,44.6,144.409,-37.8951,0,2.66454e-16,25,0,43,0,0,0,0,0,0,0,0
484,92,0,3.83739,51.2064,0,210,44.6,144.409,-37.8951,0,2.66454e-16,25,0,43,0,0,0,0,0,0,0,0
485,92,0,3.8505,51.2064,0,214,44.6,144.409,-37.895,0,2.66454e-16,25,0,43,0,0,0,0,0,0,0,0
486,92,0,3.86448,51.2712,0,199,44.6,144.409,-37.895,0,2.66454e-16,25,0,43,0,0,0,0,0,0,0,0
487,92,0,3.88044,51.6708,0,190,44.6,144.409,-37.895,0,2.66454e-16,25,0,43,0,0,0,0,0,0,0,0
488,92,0,3.8955,51.7824,0,180,44.6,144.409,-37.8949,0,2.66454e-16,25,0,45,0,0,0,0,0,0,0,0
489,92,0,3.90999,51.1452,0,190,44.6,144.41,-37.8949,0,2.66454e-16,25,0,45,0,0,0,0,0,0,0,0
490,92,0,3.92443,51.1956,0,179,44.6,144.41,-37.8948,0,2.66454e-16,25,0,45,0,0,0,0,0,0,0,0
491,92,0,3.93852,51.0876,0,193,44.6,144.41,-37.8948,0,2.66454e-16,25,0,46,0,0,0,0,0,0,0,0
492,92,0,3.95331,51.7896,0,264,44.6,144.41,-37.8947,0,2.66454e-16,25,0,45,0,0,0,0,0,0,0,0
493,92,0,3.96792,51.9156,0,284,44.6,144.41,-37.8947,0,2.66454e-16,25,0,45,0,0,0,0,0,0,0,0
494,92,0,3.98364,51.0084,0,249,44.6,144.41,-37.8946,0,2.66454e-16,25,0,48,0,0,0,0,0,0,0,0
495,92,0,3.99801,51.5772,0,231,44.6,144.41,-37.8945,0,2.66454e-16,25,0,47,0,0,0,0,0,0,0,0
496,92,0,4.01121,51.5772,0,241,44.6,144.41,-37.8944,0,2.66454e-16,25,0,46,0,0,0,0,0,0,0,0
497,93,0,4.0255,51.5196,0,229,44.6,144.411,-37.8944,0,2.66454e-16,25,0,47,0,0,0,0,0,0,0,0
498,93,0,4.03997,51.6168,0,229,44.6,144.411,-37.8943,0,2.66454e-16,25,0,47,0,0,0,0,0,0,0,0
499,93,0,4.05463,51.6672,0,213,44.6,144.411,-37.8942,0,2.66454e-16,25,0,47,0,0,0,0,0,0,0,0
500,93,0,4.06919,51.6204,0,213,44.6,144.411,-37.8941,0,2.66454e-16,25,0,47,0,0,0,0,0,0,0,0
501,93,0,4.08687,52.3692,0,182,44.6,144.411,-37.894,0,2.66454e-16,25,0,47,0,0,0,0,0,0,0,0
502,93,0,4.09924,52.3692,0,174,44.6,144.411,-37.8939,0,2.66454e-16,25,0,47,0,0,0,0,0,0,0,0
503,93,0,4.1138,51.8292,0,174,44.6,144.411,-37.8938,0,2.66454e-16,25,0,47,0,0,0,0,0,0,0,0
504,93,0,4.13091,52.2756,0,162,44.6,144.411,-37.8937,0,2.66454e-16,25,0,46,0,0,0,0,0,0,0,0
505,93,0,4.14568,51.4044,0,159,44.6,144.412,-37.8936,0,2.66454e-16,25,0,45,0,0,0,0,0,0,0,0
506,93,0,4.16004,50.58,0,171,44,144.412,-37.8935,0,-0.417827,25,0,44,0,0,0,0,0,0,0,0
507,93,0,4.17299,50.58,0,174,43.6,144.412,-37.8934,0,-0.726708,25,0,44,0,0,0,0,0,0,0,0
508,93,0,4.18758,50.5296,0,168,43.2,144.412,-37.8933,0,-1.00087,25,0,45,0,0,0,0,0,0,0,0
509,93,0,4.20226,50.6124,0,168,42.8,144.412,-37.8931,0,-1.27335,25,0,44,0,0,0,0,0,0,0,0
510,93,0,4.2165,50.1192,0,167,42.4,144.412,-37.893,0,-1.55425,25,0,44,0,0,0,0,0,0,0,0
511,93,0,4.2297,48.8376,0,167,42.4,144.412,-37.8929,0,-1.55425,25,0,44,0,0,0,0,0,0,0,0
512,93,0,4.24331,48.3372,0,183,42.4,144.412,-37.8928,0,-1.55425,25,0,43,0,0,0,0,0,0,0,0
513,92,0,4.25784,48.762,0,306,42.4,144.412,-37.8927,0,-1.55425,25,0,42,0,0,0,0,0,0,0,0
514,92,0,4.27244,49.5288,0,274,42.4,144.412,-37.8926,0,-1.55425,25,0,44,0,0,0,0,0,0,0,0
515,92,0,4.28841,48.7728,0,309,42.4,144.412,-37.8924,0,-1.55425,25,0,43,0,0,0,0,0,0,0,0
516,93,0,4.3008,48.7728,0,405,42.4,144.412,-37.8923,0,-1.13642,25,0,47,0,0,0,0,0,0,0,0
517,93,0,4.31886,49.9068,0,438,42.4,144.412,-37.8921,0,-0.827539,25,0,47,0,0,0,0,0,0,0,0
518,93,0,4.33647,50.4684,0,446,42.4,144.412,-37.892,0,-0.553378,25,0,50,0,0,0,0,0,0,0,0
519,93,0,4.34936,50.4684,0,422,42.4,144.412,-37.8919,0,-0.280899,25,0,50,0,0,0,0,0,0,0,0
520,93,0,4.36501,51.5736,0,427,42.4,144.412,-37.8917,0,-4.44089e-17,25,0,49,0,0,0,0,0,0,0,0
521,93,0,4.38172,51.5232,0,427,42.4,144.412,-37.8916,0,-4.44089e-17,25,0,49,0,0,0,0,0,0,0,0
522,94,0,4.39644,52.1928,0,430,42.4,144.412,-37.8915,0,-4.44089e-17,25,0,49,0,0,0,0,0,0,0,0
523,94,0,4.40982,52.1928,0,413,42.4,144.412,-37.8913,0,-4.44089e-17,25,0,49,0,0,0,0,0,0,0,0
524,95,0,4.427,54.1152,0,393,42.4,144.412,-37.8912,0,-4.44089e-17,25,0,49,0,0,0,0,0,0,0,0
525,95,0,4.44215,53.7444,0,425,42.4,144.413,-37.891,0,-4.44089e-17,25,0,48,0,0,0,0,0,0,0,0
526,96,0,4.45597,53.7444,0,415,42.4,144.413,-37.8909,0,-4.44089e-17,25,0,47,0,0,0,0,0,0,0,0
527,97,0,4.4712,54.1044,0,368,42.4,144.413,-37.8908,0,-4.44089e-17,25,0,48,0,0,0,0,0,0,0,0
528,97,0,4.48781,54.0828,0,374,42.4,144.413,-37.8906,0,-4.44089e-17,25,0,48,0,0,0,0,0,0,0,0
529,97,0,4.50352,54.9936,0,437,42.4,144.413,-37.8905,0,-4.44089e-17,25,0,48,0,0,0,0,0,0,0,0
530,97,0,4.51913,55.3572,0,447,42.4,144.413,-37.8904,0,-4.44089e-17,25,0,48,0,0,0,0,0,0,0,0
531,97,0,4.53331,55.3572,0,447,42.4,144.413,-37.8902,0,-4.44089e-17,25,0,48,0,0,0,0,0,0,0,0
532,98,0,4.55001,55.3176,0,355,42.4,144.413,-37.8901,0,-4.44089e-17,25,0,49,0,0,0,0,0,0,0,0
533,98,0,4.56533,55.458,0,365,42.4,144.413,-37.8899,0,-4.44089e-17,25,0,47,0,0,0,0,0,0,0,0
534,98,0,4.58089,56.178,0,365,42.4,144.413,-37.8898,0,-4.44089e-17,25,0,47,0,0,0,0,0,0,0,0
535,98,0,4.59528,56.178,0,409,42.4,144.413,-37.8897,0,-4.44089e-17,25,0,47,0,0,0,0,0,0,0,0
536,99,0,4.61111,55.6164,0,390,42.4,144.413,-37.8895,0,-4.44089e-17,25,0,47,0,0,0,0,0,0,0,0
537,99,0,4.6263,55.584,0,360,42.4,144.413,-37.8894,0,-4.44089e-17,25,0,48,0,0,0,0,0,0,0,0
538,99,0,4.64065,55.584,0,350,42.4,144.413,-37.8893,0,-4.44089e-17,25,0,47,0,0,0,0,0,0,0,0
539,99,0,4.65544,55.656,0,355,42.4,144.413,-37.8891,0,-4.44089e-17,25,0,47,0,0,0,0,0,0,0,0
540,100,0,4.6709,55.7784,0,354,42.4,144.413,-37.889,0,-4.44089e-17,25,0,48,0,0,0,0,0,0,0,0
541,101,0,4.68597,55.7712,0,326,42.4,144.413,-37.8889,0,-4.44089e-17,25,0,46,0,0,0,0,0,0,0,0
542,101,0,4.70062,55.1736,0,326,42.4,144.413,-37.8887,0,-4.44089e-17,25,0,46,0,0,0,0,0,0,0,0
543,102,0,4.71722,55.3608,0,290,42.4,144.413,-37.8886,0,-4.44089e-17,25,0,47,0,0,0,0,0,0,0,0
544,103,0,4.73278,55.4544,0,315,42.4,144.413,-37.8885,0,-4.44089e-17,25,0,46,0,0,0,0,0,0,0,0
545,103,0,4.74697,55.4544,0,317,42.4,144.413,-37.8883,0,-4.44089e-17,25,0,46,0,0,0,0,0,0,0,0
546,103,0,4.76342,55.3176,0,280,42.4,144.413,-37.8882,0,-4.44089e-17,25,0,49,0,0,0,0,0,0,0,0
547,103,0,4.77889,55.3068,0,203,42.4,144.413,-37.888,0,-4.44089e-17,25,0,46,0,0,0,0,0,0,0,0
548,103,0,4.79306,55.3068,0,172,42.4,144.413,-37.8879,0,-4.44089e-17,25,0,48,0,0,0,0,0,0,0,0
549,102,0,4.81013,55.782,0,192,42.4,144.413,-37.8878,0,-4.44089e-17,25,0,49,0,0,0,0,0,0,0,0
550,102,0,4.82609,55.3248,0,192,42.4,144.413,-37.8876,0,-4.44089e-17,25,0,49,0,0,0,0,0,0,0,0
551,101,0,4.84191,55.332,0,75,42.4,144.413,-37.8875,0,-4.44089e-17,25,0,45,0,0,0,0,0,0,0,0
552,101,0,4.85602,55.332,0,75,42.4,144.413,-37.8874,0,-4.44089e-17,25,0,45,0,0,0,0,0,0,0,0
553,94,0,4.87234,54.3204,0,19,42.4,144.413,-37.8872,0,-4.44089e-17,25,0,45,0,0,0,0,0,0,0,0
554,92,0,4.88736,54.306,0,30,42.4,144.413,-37.8871,0,-4.44089e-17,25,0,51,0,0,0,0,0,0,0,0
555,95,0,4.9026,54.6156,0,43,42.4,144.413,-37.8869,0,-4.44089e-17,25,0,48,0,0,0,0,0,0,0,0
556,97,0,4.91663,54.6156,0,53,42.4,144.413,-37.8868,0,-4.44089e-17,25,0,40,0,0,0,0,0,0,0,0
557,98,0,4.93291,54.6588,0,63,42.4,144.413,-37.8867,0,-4.44089e-17,25,0,42,0,0,0,0,0,0,0,0
558,98,0,4.94777,53.9388,0,74,42.4,144.413,-37.8865,0,-4.44089e-17,25,0,43,0,0,0,0,0,0,0,0
559,98,0,4.96232,53.226,0,75,42.4,144.413,-37.8864,0,-4.44089e-17,25,0,43,0,0,0,0,0,0,0,0
560,98,0,4.97596,53.226,0,81,42.4,144.413,-37.8863,0,-4.44089e-17,25,0,43,0,0,0,0,0,0,0,0
561,98,0,4.99089,53.5644,0,84,42.4,144.413,-37.8862,0,-4.44089e-17,25,0,42,0,0,0,0,0,0,0,0
562,98,0,5.00567,53.5536,0,84,42.4,144.413,-37.886,0,-4.44089e-17,25,0,42,0,0,0,0,0,0,0,0
563,97,0,5.02196,53.1972,0,85,42.4,144.413,-37.8859,0,-4.44089e-17,25,0,45,0,0,0,0,0,0,0,0
564,96,0,5.03545,53.1972,0,75,42.4,144.413,-37.8858,0,-4.44089e-17,25,0,46,0,0,0,0,0,0,0,0
565,96,0,5.05156,53.6652,0,75,42.4,144.413,-37.8856,0,-4.44089e-17,25,0,46,0,0,0,0,0,0,0,0
566,96,0,5.06656,53.9532,0,78,42.4,144.414,-37.8855,0,-4.44089e-17,25,0,43,0,0,0,0,0,0,0,0
567,95,0,5.08084,53.1432,0,94,42.4,144.414,-37.8853,0,-4.44089e-17,25,0,45,0,0,0,0,0,0,0,0
568,95,0,5.09516,52.2936,0,89,42.4,144.414,-37.8852,0,-4.44089e-17,25,0,44,0,0,0,0,0,0,0,0
569,94,0,5.10847,52.2936,0,102,42.4,144.414,-37.8851,0,-4.44089e-17,25,0,47,0,0,0,0,0,0,0,0
570,93,0,5.12331,51.2244,0,101,42.4,144.414,-37.885,0,-4.44089e-17,25,0,47,0,0,0,0,0,0,0,0
571,93,0,5.13695,51.102,0,97,42.4,144.414,-37.8848,0,-4.44089e-17,25,0,48,0,0,0,0,0,0,0,0
572,93,0,5.14989,50.1156,0,98,42.4,144.414,-37.8847,0,-4.44089e-17,25,0,47,0,0,0,0,0,0,0,0
573,93,0,5.16283,50.1156,0,98,42.4,144.414,-37.8846,0,-4.44089e-17,25,0,47,0,0,0,0,0,0,0,0
574,92,0,5.17628,50.0184,0,100,42.4,144.414,-37.8845,0,-4.44089e-17,25,0,44,0,0,0,0,0,0,0,0
575,92,0,5.19121,49.7556,0,100,42.4,144.414,-37.8844,0,-4.44089e-17,25,0,44,0,0,0,0,0,0,0,0
576,92,0,5.20493,49.7124,0,101,42.4,144.414,-37.8842,0,-4.44089e-17,25,0,43,0,0,0,0,0,0,0,0
577,92,0,5.21761,49.7124,0,101,42.4,144.414,-37.8841,0,-4.44089e-17,25,0,43,0,0,0,0,0,0,0,0
578,92,0,5.23245,49.572,0,116,42.4,144.414,-37.884,0,-4.44089e-17,25,0,44,0,0,0,0,0,0,0,0
579,92,0,5.24586,49.0464,0,99,42.4,144.414,-37.8839,0,-4.44089e-17,25,0,43,0,0,0,0,0,0,0,0
580,91,0,5.25852,49.0464,0,93,42.4,144.414,-37.8838,0,-4.44089e-17,25,0,43,0,0,0,0,0,0,0,0
581,90,0,5.27357,49.4604,0,98,42.4,144.414,-37.8836,0,-4.44089e-17,25,0,43,0,0,0,0,0,0,0,0
582,90,0,5.28731,49.5072,0,105,42.4,144.414,-37.8835,0,-4.44089e-17,25,0,44,0,0,0,0,0,0,0,0
583,89,0,5.30079,49.5756,0,101,42.4,144.414,-37.8834,0,-4.44089e-17,25,0,45,0,0,0,0,0,0,0,0
584,89,0,5.31337,49.5756,0,101,42.4,144.414,-37.8833,0,-4.44089e-17,25,0,45,0,0,0,0,0,0,0,0
585,89,0,5.32928,49.9356,0,98,42.4,144.414,-37.8831,0,-4.44089e-17,25,0,48,0,0,0,0,0,0,0,0
586,89,0,5.34203,49.2156,0,88,42.4,144.414,-37.883,0,-4.44089e-17,25,0,46,0,0,0,0,0,0,0,0
587,89,0,5.35567,49.2156,0,90,42.4,144.414,-37.8829,0,-4.44089e-17,25,0,45,0,0,0,0,0,0,0,0
588,89,0,5.37089,49.446,0,90,42.4,144.414,-37.8828,0,-4.44089e-17,25,0,45,0,0,0,0,0,0,0,0
589,88,0,5.38404,49.0608,0,91,42.4,144.414,-37.8826,0,-4.44089e-17,25,0,48,0,0,0,0,0,0,0,0
590,87,0,5.3974,48.7152,0,83,42.4,144.414,-37.8825,0,-4.44089e-17,25,0,49,0,0,0,0,0,0,0,0
591,87,0,5.41036,48.1896,0,87,42.4,144.414,-37.8824,0,-4.44089e-17,25,0,47,0,0,0,0,0,0,0,0
592,87,0,5.42264,48.1896,0,91,42.4,144.414,-37.8823,0,-4.44089e-17,25,0,48,0,0,0,0,0,0,0,0
593,87,0,5.43567,48.276,0,91,42.4,144.414,-37.8822,0,-4.44089e-17,25,0,48,0,0,0,0,0,0,0,0
594,87,0,5.44911,47.8944,0,104,42.4,144.414,-37.8821,0,-4.44089e-17,25,0,44,0,0,0,0,0,0,0,0
595,87,0,5.46256,47.8836,0,108,42.4,144.414,-37.8819,0,-4.44089e-17,25,0,45,0,0,0,0,0,0,0,0
596,87,0,5.47478,47.8836,0,108,42.4,144.414,-37.8818,0,-4.44089e-17,25,0,45,0,0,0,0,0,0,0,0
597,86,0,5.48936,47.8944,0,106,42.4,144.414,-37.8817,0,-4.44089e-17,25,0,42,0,0,0,0,0,0,0,0
598,86,0,5.50172,47.2572,0,122,42.4,144.414,-37.8816,0,-4.44089e-17,25,0,43,0,0,0,0,0,0,0,0
599,86,0,5.5143,46.7496,0,135,42.4,144.414,-37.8815,0,-4.44089e-17,25,0,44,0,0,0,0,0,0,0,0
600,86,0,5.52683,46.638,0,147,42.4,144.414,-37.8814,0,-4.44089e-17,25,0,46,0,0,0,0,0,0,0,0
601,85,0,5.53989,46.5372,0,145,42.4,144.414,-37.8812,0,-4.44089e-17,25,0,45,0,0,0,0,0,0,0,0
602,85,0,5.55183,46.5372,0,141,42.4,144.414,-37.8811,0,-4.44089e-17,25,0,44,0,0,0,0,0,0,0,0
603,85,0,5.56437,46.062,0,137,42.4,144.414,-37.881,0,-4.44089e-17,25,0,43,0,0,0,0,0,0,0,0
604,85,0,5.57884,46.1376,0,116,42.4,144.414,-37.8809,0,-4.44089e-17,25,0,43,0,0,0,0,0,0,0,0
605,85,0,5.5939,46.9188,0,115,42.4,144.414,-37.8808,0,-4.44089e-17,25,0,42,0,0,0,0,0,0,0,0
606,85,0,5.60777,47.016,0,115,42.4,144.414,-37.8806,0,-4.44089e-17,25,0,42,0,0,0,0,0,0,0,0
607,85,0,5.62132,46.9224,0,149,42.4,144.414,-37.8805,0,-4.44089e-17,25,0,41,0,0,0,0,0,0,0,0
608,85,0,5.63327,46.9224,0,160,42.4,144.414,-37.8804,0,-4.44089e-17,25,0,43,0,0,0,0,0,0,0,0
609,84,0,5.64899,47.844,0,145,42.4,144.414,-37.8803,0,-4.44089e-17,25,0,43,0,0,0,0,0,0,0,0
610,84,0,5.66391,48.1896,0,129,42.4,144.414,-37.8801,0,-4.44089e-17,25,0,43,0,0,0,0,0,0,0,0
611,83,0,5.67625,46.8108,0,117,42.4,144.414,-37.88,0,-4.44089e-17,25,0,45,0,0,0,0,0,0,0,0
612,83,0,5.68972,45.7308,0,98,42.4,144.414,-37.8799,0,-4.44089e-17,25,0,46,0,0,0,0,0,0,0,0
613,82,0,5.70219,45.2268,0,92,42.4,144.414,-37.8798,0,-4.44089e-17,25,0,43,0,0,0,0,0,0,0,0
614,82,0,5.71507,45.1764,0,102,42.4,144.414,-37.8797,0,-4.44089e-17,25,0,45,0,0,0,0,0,0,0,0
615,82,0,5.7282,45.6552,0,116,42.4,144.414,-37.8796,0,-4.44089e-17,25,0,45,0,0,0,0,0,0,0,0
616,82,0,5.74041,45.1944,0,116,42.4,144.414,-37.8795,0,-4.44089e-17,25,0,45,0,0,0,0,0,0,0,0
617,81,0,5.752,45.1944,0,116,42.4,144.413,-37.8794,0,-4.44089e-17,25,0,45,0,0,0,0,0,0,0,0
618,80,0,5.76457,45.774,0,112,42.4,144.413,-37.8793,0,-4.44089e-17,25,0,44,0,0,0,0,0,0,0,0
619,80,0,5.77825,45.3924,0,112,42.4,144.413,-37.8792,0,-4.44089e-17,25,0,44,0,0,0,0,0,0,0,0
620,80,0,5.78993,45.3924,0,131,42.4,144.413,-37.8791,0,-4.44089e-17,25,0,44,0,0,0,0,0,0,0,0
621,79,0,5.80226,44.0964,0,121,42.4,144.413,-37.8791,0,-4.44089e-17,25,0,45,0,0,0,0,0,0,0,0
622,79,0,5.81366,44.0964,0,101,42.4,144.413,-37.879,0,-4.44089e-17,25,0,45,0,0,0,0,0,0,0,0
623,85,0,5.82462,43.8084,0,100,42.4,144.413,-37.8789,0,-4.44089e-17,25,0,46,0,0,0,0,0,0,0,0
624,89,0,5.83582,43.8264,0,100,42.4,144.413,-37.8788,0,-4.44089e-17,25,0,46,0,0,0,0,0,0,0,0
625,98,0,5.84642,43.362,0,116,42.4,144.413,-37.8787,0,-4.44089e-17,25,0,47,0,0,0,0,0,0,0,0
626,107,0,5.85892,43.4844,0,162,42.4,144.413,-37.8787,0,-4.44089e-17,25,0,50,0,0,0,0,0,0,0,0
627,115,0,5.87005,43.4844,0,162,42.4,144.413,-37.8786,0,-4.44089e-17,25,0,50,0,0,0,0,0,0,0,0
628,115,0,5.88226,44.1324,0,144,42.4,144.412,-37.8785,0,-4.44089e-17,25,0,46,0,0,0,0,0,0,0,0
629,114,0,5.89424,44.2512,0,140,42.4,144.412,-37.8785,0,-4.44089e-17,25,0,46,0,0,0,0,0,0,0,0
630,102,0,5.90555,43.2216,0,127,42.4,144.412,-37.8784,0,-4.44089e-17,25,0,44,0,0,0,0,0,0,0,0
631,93,0,5.91801,43.8228,0,135,42.4,144.412,-37.8783,0,-4.44089e-17,25,0,42,0,0,0,0,0,0,0,0
632,92,0,5.92954,43.6824,0,132,42.4,144.412,-37.8783,0,-4.44089e-17,25,0,42,0,0,0,0,0,0,0,0
633,88,0,5.94078,43.6824,0,129,42.4,144.412,-37.8782,0,-4.44089e-17,25,0,42,0,0,0,0,0,0,0,0
634,88,0,5.95239,43.8084,0,129,42.4,144.412,-37.8781,0,-4.44089e-17,25,0,42,0,0,0,0,0,0,0,0
635,89,0,5.96362,41.9616,0,140,42.4,144.412,-37.8781,0,-4.44089e-17,25,0,43,0,0,0,0,0,0,0,0
636,89,0,5.9741,41.8896,0,140,42.4,144.412,-37.8781,0,-4.44089e-17,25,0,43,0,0,0,0,0,0,0,0
637,88,0,5.98458,41.49,0,155,42.4,144.411,-37.878,0,-4.44089e-17,25,0,43,0,0,0,0,0,0,0,0
638,88,0,5.99537,41.5548,0,155,42.4,144.411,-37.878,0,-4.44089e-17,25,0,43,0,0,0,0,0,0,0,0
639,88,0,6.00657,41.6988,0,151,42.4,144.411,-37.8779,0,-4.44089e-17,25,0,43,0,0,0,0,0,0,0,0
640,87,0,6.01724,41.6988,0,147,42.4,144.411,-37.8779,0,-4.44089e-17,25,0,43,0,0,0,0,0,0,0,0
641,87,0,6.0284,41.1228,0,140,42.4,144.411,-37.8779,0,-4.44089e-17,25,0,43,0,0,0,0,0,0,0,0
642,87,0,6.03871,41.1228,0,140,42.4,144.411,-37.8778,0,-4.44089e-17,25,0,43,0,0,0,0,0,0,0,0
643,87,0,6.0491,40.0896,0,145,42.4,144.411,-37.8778,0,-4.44089e-17,25,0,43,0,0,0,0,0,0,0,0
644,87,0,6.06017,40.1616,0,156,42.4,144.411,-37.8778,0,-4.44089e-17,25,0,43,0,0,0,0,0,0,0,0
645,87,0,6.07067,40.7196,0,161,42.4,144.41,-37.8778,0,-4.44089e-17,25,0,43,0,0,0,0,0,0,0,0
646,87,0,6.08109,40.7196,0,161,42.4,144.41,-37.8777,0,-4.44089e-17,25,0,43,0,0,0,0,0,0,0,0
647,87,0,6.09219,41.3712,0,159,42.4,144.41,-37.8777,0,-4.44089e-17,25,0,43,0,0,0,0,0,0,0,0
648,87,0,6.10345,41.418,0,137,42.4,144.41,-37.8777,0,-4.44089e-17,25,0,45,0,0,0,0,0,0,0,0
649,87,0,6.1146,40.1112,0,137,42.4,144.41,-37.8777,0,-4.44089e-17,25,0,45,0,0,0,0,0,0,0,0
650,86,0,6.12486,39.9672,0,144,42.4,144.41,-37.8777,0,-4.44089e-17,25,0,45,0,0,0,0,0,0,0,0
651,86,0,6.13584,39.978,0,146,42.4,144.41,-37.8777,0,-4.44089e-17,25,0,46,0,0,0,0,0,0,0,0
652,86,0,6.14682,40.3776,0,151,42.4,144.41,-37.8777,0,-4.44089e-17,25,0,45,0,0,0,0,0,0,0,0
653,85,0,6.15774,40.5072,0,166,42.4,144.409,-37.8777,0,-4.44089e-17,25,0,44,0,0,0,0,0,0,0,0
654,85,0,6.16794,39.366,0,166,42.4,144.409,-37.8777,0,-4.44089e-17,25,0,44,0,0,0,0,0,0,0,0
655,85,0,6.1783,39.3408,0,154,42.4,144.409,-37.8777,0,-4.44089e-17,25,0,44,0,0,0,0,0,0,0,0
656,85,0,6.18879,39.42,0,148,42.4,144.409,-37.8777,0,-4.44089e-17,25,0,44,0,0,0,0,0,0,0,0
657,85,0,6.19868,38.6316,0,150,42.4,144.409,-37.8777,0,-4.44089e-17,25,0,45,0,0,0,0,0,0,0,0
658,85,0,6.20866,38.6316,0,150,42.4,144.409,-37.8777,0,-4.44089e-17,25,0,45,0,0,0,0,0,0,0,0
659,84,0,6.22052,40.2228,0,154,42.4,144.409,-37.8778,0,-4.44089e-17,25,0,44,0,0,0,0,0,0,0,0
660,84,0,6.23114,40.086,0,154,42.4,144.409,-37.8778,0,-4.44089e-17,25,0,44,0,0,0,0,0,0,0,0
661,84,0,6.24193,39.5424,0,149,42.4,144.408,-37.8778,0,-4.44089e-17,25,0,43,0,0,0,0,0,0,0,0
662,84,0,6.25377,39.5046,0,141.5,42.4,144.408,-37.8778,0,-4.44089e-17,25,0,42.5,0,0,0,0,0,0,0,0
663,84,0,6.26561,39.4668,0,134,42.4,144.408,-37.8778,0,-4.44089e-17,25,0,42,0,0,0,0,0,0,0,0
664,83,0,6.2762,39.4884,0,139,42.4,144.408,-37.8779,0,-4.44089e-17,25,0,43,0,0,0,0,0,0,0,0
665,83,0,6.28658,38.6064,0,136,42.4,144.408,-37.8779,0,-4.44089e-17,25,0,43,0,0,0,0,0,0,0,0
666,82,0,6.29657,38.1852,0,134,42.4,144.408,-37.8779,0,-4.44089e-17,25,0,44,0,0,0,0,0,0,0,0
667,82,0,6.30728,39.6756,0,131,42.4,144.408,-37.878,0,-4.44089e-17,25,0,44,0,0,0,0,0,0,0,0
668,82,0,6.31759,38.7072,0,131,42.4,144.408,-37.878,0,-4.44089e-17,25,0,44,0,0,0,0,0,0,0,0
669,82,0,6.3279,38.8224,0,153,42.4,144.407,-37.8781,0,-4.44089e-17,25,0,44,0,0,0,0,0,0,0,0
670,82,0,6.33839,38.7828,0,153,42.4,144.407,-37.8781,0,-4.44089e-17,25,0,44,0,0,0,0,0,0,0,0
671,82,0,6.34935,39.9024,0,136,42.4,144.407,-37.8781,0,-4.44089e-17,25,0,42,0,0,0,0,0,0,0,0
672,82,0,6.3602,40.9932,0,130,42.4,144.407,-37.8782,0,-4.44089e-17,25,0,42,0,0,0,0,0,0,0,0
673,82,0,6.3708,40.3344,0,130,42.4,144.407,-37.8783,0,-4.44089e-17,25,0,42,0,0,0,0,0,0,0,0
674,82,0,6.38144,38.844,0,131,42.4,144.407,-37.8783,0,-4.44089e-17,25,0,43,0,0,0,0,0,0,0,0
675,82,0,6.39192,38.7972,0,143,42.4,144.407,-37.8784,0,-4.44089e-17,25,0,43,0,0,0,0,0,0,0,0
676,82,0,6.40175,38.4732,0,146,42.4,144.407,-37.8784,0,-4.44089e-17,25,0,43,0,0,0,0,0,0,0,0
677,81,0,6.41177,37.8072,0,144,42.4,144.407,-37.8785,0,-4.44089e-17,25,0,44,0,0,0,0,0,0,0,0
678,81,0,6.42181,38.3184,0,145,42.4,144.407,-37.8785,0,-4.44089e-17,25,0,44,0,0,0,0,0,0,0,0
679,81,0,6.43221,38.6172,0,143,42.4,144.406,-37.8786,0,-4.44089e-17,25,0,44,0,0,0,0,0,0,0,0
680,80,0,6.44268,38.736,0,139,42.4,144.406,-37.8787,0,-4.44089e-17,25,0,44,0,0,0,0,0,0,0,0
681,80,0,6.45292,38.0628,0,139,42.4,144.406,-37.8787,0,-4.44089e-17,25,0,44,0,0,0,0,0,0,0,0
682,80,0,6.46307,37.9584,0,133,42.4,144.406,-37.8788,0,-4.44089e-17,25,0,44,0,0,0,0,0,0,0,0
683,81,0,6.47253,37.8252,0,145,42.4,144.406,-37.8789,0,-4.44089e-17,25,0,42,0,0,0,0,0,0,0,0
684,80,0,6.48196,37.71,0,140,42.4,144.406,-37.8789,0,-4.44089e-17,25,0,43,0,0,0,0,0,0,0,0
685,80,0,6.49054,36.6696,0,143,42.4,144.406,-37.879,0,-4.44089e-17,25,0,44,0,0,0,0,0,0,0,0
686,79,0,6.49935,36.1044,0,145,42.4,144.406,-37.8791,0,-4.44089e-17,25,0,43,0,0,0,0,0,0,0,0
687,79,0,6.50944,36.1872,0,136,42.4,144.406,-37.8791,0,-4.44089e-17,25,0,43,0,0,0,0,0,0,0,0
688,80,0,6.51927,36.558,0,125,42.4,144.406,-37.8792,0,-4.44089e-17,25,0,43,0,0,0,0,0,0,0,0
689,80,0,6.52944,36.9756,0,129,42.4,144.406,-37.8793,0,-4.44089e-17,25,0,42,0,0,0,0,0,0,0,0
690,80,0,6.53921,37.008,0,139,42.4,144.406,-37.8794,0,-4.44089e-17,25,0,43,0,0,0,0,0,0,0,0
691,80,0,6.54949,37.0836,0,139,42.4,144.406,-37.8795,0,-4.44089e-17,25,0,43,0,0,0,0,0,0,0,0
692,80,0,6.55928,36.4896,0,118,42.4,144.406,-37.8795,0,-4.44089e-17,25,0,43,0,0,0,0,0,0,0,0
693,80,0,6.56942,36.0972,0,121,42.4,144.405,-37.8796,0,-4.44089e-17,25,0,43,0,0,0,0,0,0,0,0
694,80,0,6.5799,36.1332,0,130,42.4,144.405,-37.8797,0,-4.44089e-17,25,0,43,0,0,0,0,0,0,0,0
695,80,0,6.59005,35.3592,0,130,42.4,144.405,-37.8798,0,-4.44089e-17,25,0,43,0,0,0,0,0,0,0,0
696,79,0,6.59935,35.0208,0,136,42.4,144.405,-37.8799,0,-4.44089e-17,25,0,44,0,0,0,0,0,0,0,0
697,78,0,6.60911,35.4636,0,139,42.4,144.405,-37.88,0,-4.44089e-17,25,0,43,0,0,0,0,0,0,0,0
698,78,0,6.61883,35.5032,0,142,42.4,144.405,-37.8801,0,-4.44089e-17,25,0,43,0,0,0,0,0,0,0,0
699,77,0,6.6285,35.5284,0,142,42.4,144.405,-37.8802,0,-4.44089e-17,25,0,43,0,0,0,0,0,0,0,0
700,77,0,6.63801,35.6004,0,142,42.4,144.405,-37.8802,0,-4.44089e-17,25,0,43,0,0,0,0,0,0,0,0
701,77,0,6.64803,35.9028,0,142,42.4,144.405,-37.8803,0,-4.44089e-17,25,0,43,0,0,0,0,0,0,0,0
702,76,0,6.65795,35.7696,0,138,42.4,144.405,-37.8804,0,-4.44089e-17,25,0,43,0,0,0,0,0,0,0,0
703,75,0,6.66734,35.2872,0,142,42.4,144.405,-37.8805,0,-4.44089e-17,25,0,43,0,0,0,0,0,0,0,0
704,75,0,6.67686,34.794,0,142,42.4,144.405,-37.8806,0,-4.44089e-17,25,0,43,0,0,0,0,0,0,0,0
705,74,0,6.68621,34.4844,0,173,42.4,144.405,-37.8807,0,-4.44089e-17,25,0,44,0,0,0,0,0,0,0,0
706,74,0,6.69572,34.5888,0,178,42.4,144.405,-37.8808,0,-4.44089e-17,25,0,44,0,0,0,0,0,0,0,0
707,74,0,6.70558,34.9848,0,185,42.4,144.405,-37.8808,0,-4.44089e-17,25,0,45,0,0,0,0,0,0,0,0
708,74,0,6.71514,34.506,0,174,42.4,144.405,-37.8809,0,-4.44089e-17,25,0,44,0,0,0,0,0,0,0,0
709,73,0,6.72461,34.5456,0,164,42.4,144.405,-37.881,0,-4.44089e-17,25,0,44,0,0,0,0,0,0,0,0
710,73,0,6.7344,34.4376,0,165,42.4,144.405,-37.8811,0,-4.44089e-17,25,0,45,0,0,0,0,0,0,0,0
711,72,0,6.74479,34.7508,0,173,42.4,144.405,-37.8812,0,-4.44089e-17,25,0,48,0,0,0,0,0,0,0,0
712,72,0,6.75429,33.6204,0,173,42.4,144.405,-37.8813,0,-4.44089e-17,25,0,48,0,0,0,0,0,0,0,0
713,72,0,6.7646,34.3152,0,168,42.8,144.405,-37.8814,0,0.387973,25,0,46,0,0,0,0,0,0,0,0
714,72,0,6.77445,34.254,0,168,43.2,144.405,-37.8815,0,0.794064,25,0,46,0,0,0,0,0,0,0,0
715,71,0,6.7842,33.7824,0,160,43.6,144.405,-37.8816,0,1.20432,25,0,45,0,0,0,0,0,0,0,0
716,71,0,6.79372,33.4872,0,148,44,144.405,-37.8816,0,1.62449,25,0,45,0,0,0,0,0,0,0,0
717,71,0,6.80377,33.8616,0,145,44.4,144.405,-37.8817,0,2.0225,25,0,44,0,0,0,0,0,0,0,0
718,70,0,6.81311,33.7464,0,137,44.4,144.405,-37.8818,0,2.0225,25,0,44,0,0,0,0,0,0,0,0
719,70,0,6.82259,33.3252,0,133,44.4,144.405,-37.8819,0,2.0225,25,0,44,0,0,0,0,0,0,0,0
720,70,0,6.83156,32.8644,0,150,44.4,144.405,-37.882,0,2.0225,25,0,44,0,0,0,0,0,0,0,0
721,70,0,6.84079,32.976,0,204,44.4,144.405,-37.8821,0,2.0225,25,0,43,0,0,0,0,0,0,0,0
722,70,0,6.8501,33.3972,0,204,44.4,144.405,-37.8821,0,2.0225,25,0,43,0,0,0,0,0,0,0,0
723,70,0,6.85893,33.0948,0,159,44.4,144.405,-37.8822,0,1.63453,25,0,46,0,0,0,0,0,0,0,0
724,70,0,6.86792,33.2352,0,159,44.4,144.405,-37.8823,0,1.22843,25,0,46,0,0,0,0,0,0,0,0
725,70,0,6.87735,33.624,0,147,44.4,144.405,-37.8824,0,0.818178,25,0,46,0,0,0,0,0,0,0,0
726,70,0,6.88737,34.578,0,173,44.4,144.405,-37.8825,0,0.39801,25,0,46,0,0,0,0,0,0,0,0
727,71,0,6.89688,34.4664,0,173,44.4,144.405,-37.8826,0,4.44089e-17,25,0,46,0,0,0,0,0,0,0,0
728,71,0,6.90644,34.4772,0,195,44.4,144.405,-37.8827,0,4.44089e-17,25,0,46,0,0,0,0,0,0,0,0
729,72,0,6.91625,34.9164,0,158,44.4,144.405,-37.8827,0,4.44089e-17,25,0,45,0,0,0,0,0,0,0,0
730,72,0,6.92562,35.0028,0,157,44.4,144.405,-37.8828,0,4.44089e-17,25,0,45,0,0,0,0,0,0,0,0
731,73,0,6.93509,34.884,0,158,44.4,144.405,-37.8829,0,4.44089e-17,25,0,46,0,0,0,0,0,0,0,0
732,73,0,6.94429,34.164,0,158,44.4,144.405,-37.883,0,4.44089e-17,25,0,46,0,0,0,0,0,0,0,0
733,73,0,6.95439,34.8516,0,128,44.4,144.405,-37.8831,0,4.44089e-17,24,0,42,0,0,0,0,0,0,0,0
734,74,0,6.96384,34.8444,0,126,44.4,144.405,-37.8832,0,4.44089e-17,25,0,40,0,0,0,0,0,0,0,0
735,74,0,6.97329,34.7868,0,126,44.4,144.405,-37.8832,0,4.44089e-17,25,0,40,0,0,0,0,0,0,0,0
736,74,0,6.98279,34.8876,0,132,44.4,144.405,-37.8833,0,4.44089e-17,24,0,42,0,0,0,0,0,0,0,0
737,74,0,6.99276,34.992,0,129,44.4,144.405,-37.8834,0,4.44089e-17,25,0,42,0,0,0,0,0,0,0,0
738,74,0,7.00278,35.1108,0,132,44.4,144.405,-37.8835,0,4.44089e-17,25,0,42,0,0,0,0,0,0,0,0
739,74,0,7.01264,35.4996,0,137,44.4,144.405,-37.8836,0,4.44089e-17,24,0,42,0,0,0,0,0,0,0,0
740,74,0,7.02217,34.9632,0,137,44.4,144.405,-37.8837,0,4.44089e-17,25,0,42,0,0,0,0,0,0,0,0
741,74,0,7.03294,34.9956,0,134,44.4,144.405,-37.8838,0,4.44089e-17,25,0,43,0,0,0,0,0,0,0,0
742,74,0,7.04263,35.0064,0,127,44.4,144.404,-37.8839,0,4.44089e-17,25,0,43,0,0,0,0,0,0,0,0
743,74,0,7.05279,35.6796,0,127,44.4,144.404,-37.884,0,4.44089e-17,25,0,43,0,0,0,0,0,0,0,0
744,74,0,7.06242,35.3124,0,123,44.4,144.404,-37.884,0,4.44089e-17,24,0,44,0,0,0,0,0,0,0,0
745,74,0,7.07234,35.8344,0,123,44.4,144.404,-37.8841,0,4.44089e-17,25,0,44,0,0,0,0,0,0,0,0
746,74,0,7.08244,36.1332,0,115,44.4,144.404,-37.8842,0,4.44089e-17,25,0,41,0,0,0,0,0,0,0,0
747,74,0,7.09227,35.802,0,114,44.4,144.404,-37.8843,0,4.44089e-17,24,0,42,0,0,0,0,0,0,0,0
748,75,0,7.10225,35.8236,0,117,44.4,144.404,-37.8844,0,4.44089e-17,24,0,42,0,0,0,0,0,0,0,0
749,75,0,7.11203,35.2764,0,119,44.4,144.404,-37.8845,0,4.44089e-17,24,0,42,0,0,0,0,0,0,0,0
750,75,0,7.12222,35.7336,0,129,44.4,144.404,-37.8846,0,4.44089e-17,24,0,42,0,0,0,0,0,0,0,0
751,76,0,7.13226,35.1756,0,123,44.4,144.404,-37.8847,0,4.44089e-17,24,0,43,0,0,0,0,0,0,0,0
752,76,0,7.14217,35.0388,0,119,44.4,144.404,-37.8848,0,4.44089e-17,24,0,45,0,0,0,0,0,0,0,0
753,77,0,7.1523,35.658,0,119,44.4,144.404,-37.8848,0,4.44089e-17,24,0,45,0,0,0,0,0,0,0,0
754,77,0,7.16236,35.7948,0,116,44.4,144.404,-37.8849,0,4.44089e-17,24,0,46,0,0,0,0,0,0,0,0
755,77,0,7.17226,35.7192,0,116,44.4,144.404,-37.885,0,4.44089e-17,25,0,46,0,0,0,0,0,0,0,0
756,77,0,7.18179,35.0748,0,122,44.4,144.404,-37.8851,0,4.44089e-17,24,0,48,0,0,0,0,0,0,0,0
757,77,0,7.19177,35.6148,0,124,44.4,144.404,-37.8852,0,4.44089e-17,25,0,47,0,0,0,0,0,0,0,0
758,77,0,7.2016,35.6292,0,124,44.4,144.404,-37.8853,0,4.44089e-17,24,0,47,0,0,0,0,0,0,0,0
759,77,0,7.2119,35.568,0,128,44.4,144.404,-37.8854,0,4.44089e-17,24,0,44,0,0,0,0,0,0,0,0
760,77,0,7.22182,35.1972,0,115,44.4,144.404,-37.8855,0,4.44089e-17,24,0,43,0,0,0,0,0,0,0,0
761,77,0,7.23201,35.9388,0,107,44.4,144.404,-37.8856,0,4.44089e-17,24,0,43,0,0,0,0,0,0,0,0
762,77,0,7.24225,36.4716,0,97,44.4,144.404,-37.8857,0,4.44089e-17,24,0,44,0,0,0,0,0,0,0,0
763,77,0,7.25255,36.468,0,97,44.4,144.404,-37.8857,0,4.44089e-17,24,0,44,0,0,0,0,0,0,0,0
764,77,0,7.26234,36.09,0,105,44.4,144.404,-37.8858,0,4.44089e-17,24,0,43,0,0,0,0,0,0,0,0
765,77,0,7.27264,36.0972,0,109,44.4,144.404,-37.8859,0,4.44089e-17,24,0,43,0,0,0,0,0,0,0,0
766,77,0,7.28249,35.7444,0,109,44.4,144.404,-37.886,0,4.44089e-17,25,0,43,0,0,0,0,0,0,0,0
767,77,0,7.29229,35.3268,0,95,44.4,144.404,-37.8861,0,4.44089e-17,24,0,44,0,0,0,0,0,0,0,0
768,77,0,7.30244,35.6868,0,90,44.4,144.404,-37.8862,0,4.44089e-17,24,0,43,0,0,0,0,0,0,0,0
769,77,0,7.31269,35.982,0,88,44.4,144.404,-37.8863,0,4.44089e-17,24,0,44,0,0,0,0,0,0,0,0
770,77,0,7.32302,36.4644,0,88,44.4,144.404,-37.8864,0,4.44089e-17,24,0,44,0,0,0,0,0,0,0,0
771,77,0,7.33363,37.3356,0,88,44.4,144.404,-37.8865,0,4.44089e-17,24,0,44,0,0,0,0,0,0,0,0
772,77,0,7.34412,37.3536,0,102,44.4,144.404,-37.8866,0,4.44089e-17,24,0,44,0,0,0,0,0,0,0,0
773,77,0,7.35492,37.9008,0,106,44.4,144.404,-37.8867,0,4.44089e-17,24,0,42,0,0,0,0,0,0,0,0
774,77,0,7.36509,37.1664,0,106,44.4,144.404,-37.8868,0,4.44089e-17,24,0,42,0,0,0,0,0,0,0,0
775,77,0,7.37481,35.9604,0,108,44.4,144.404,-37.8868,0,4.44089e-17,24,0,43,0,0,0,0,0,0,0,0
776,77,0,7.38466,35.8956,0,108,44.4,144.404,-37.8869,0,4.44089e-17,24,0,43,0,0,0,0,0,0,0,0
777,77,0,7.39439,35.7984,0,102,44.4,144.404,-37.887,0,4.44089e-17,24,0,43,0,0,0,0,0,0,0,0
778,77,0,7.40376,35.2908,0,102,44.4,144.404,-37.8871,0,4.44089e-17,24,0,43,0,0,0,0,0,0,0,0
779,77,0,7.41343,35.3196,0,97,44.4,144.404,-37.8872,0,4.44089e-17,24,0,43,0,0,0,0,0,0,0,0
780,77,0,7.42351,35.928,0,96,44.4,144.404,-37.8873,0,4.44089e-17,24,0,43,0,0,0,0,0,0,0,0
781,77,0,7.43329,35.8056,0,96,44.4,144.404,-37.8874,0,4.44089e-17,24,0,43,0,0,0,0,0,0,0,0
782,77,0,7.44334,35.8416,0,98,44.4,144.404,-37.8874,0,4.44089e-17,24,0,43,0,0,0,0,0,0,0,0
783,77,0,7.45327,35.784,0,106,44.4,144.404,-37.8875,0,4.44089e-17,24,0,43,0,0,0,0,0,0,0,0
784,77,0,7.46256,34.722,0,106,44.4,144.404,-37.8876,0,4.44089e-17,24,0,43,0,0,0,0,0,0,0,0
785,77,0,7.47251,35.2008,0,107,44.4,144.404,-37.8877,0,4.44089e-17,24,0,44,0,0,0,0,0,0,0,0
786,77,0,7.48195,35.1972,0,113,44.4,144.404,-37.8878,0,4.44089e-17,24,0,45,0,0,0,0,0,0,0,0
787,77,0,7.49167,34.758,0,100,44.4,144.404,-37.8879,0,4.44089e-17,24,0,45,0,0,0,0,0,0,0,0
788,77,0,7.50141,34.8516,0,103,44.4,144.404,-37.888,0,4.44089e-17,24,0,44,0,0,0,0,0,0,0,0
789,77,0,7.51125,35.406,0,103,44.4,144.404,-37.8881,0,4.44089e-17,24,0,44,0,0,0,0,0,0,0,0
790,77,0,7.52117,36.2484,0,117,44.4,144.404,-37.8881,0,4.44089e-17,24,0,45,0,0,0,0,0,0,0,0
791,77,0,7.53171,36.6696,0,108,44.4,144.404,-37.8882,0,4.44089e-17,24,0,46,0,0,0,0,0,0,0,0
792,77,0,7.54154,36.3096,0,105,44.4,144.404,-37.8883,0,4.44089e-17,24,0,45,0,0,0,0,0,0,0,0
793,77,0,7.55175,36.2088,0,105,44.4,144.404,-37.8884,0,4.44089e-17,24,0,45,0,0,0,0,0,0,0,0
794,77,0,7.56204,36.5112,0,103,44.4,144.404,-37.8885,0,4.44089e-17,24,0,45,0,0,0,0,0,0,0,0
795,77,0,7.57234,36.4356,0,106,44.4,144.404,-37.8886,0,4.44089e-17,24,0,45,0,0,0,0,0,0,0,0
796,77,0,7.58277,36.3024,0,116,44.4,144.404,-37.8887,0,4.44089e-17,24,0,45,0,0,0,0,0,0,0,0
797,77,0,7.59319,36.3852,0,116,44.4,144.404,-37.8888,0,4.44089e-17,24,0,45,0,0,0,0,0,0,0,0
798,77,0,7.6032,36.0828,0,116,44.4,144.404,-37.8889,0,4.44089e-17,24,0,45,0,0,0,0,0,0,0,0
799,77,0,7.61307,35.6256,0,126,44.4,144.404,-37.889,0,4.44089e-17,24,0,42,0,0,0,0,0,0,0,0
800,77,0,7.62328,36.0468,0,121,44.4,144.404,-37.889,0,4.44089e-17,24,0,42,0,0,0,0,0,0,0,0
801,77,0,7.63309,35.5752,0,123,44.4,144.404,-37.8891,0,4.44089e-17,24,0,42,0,0,0,0,0,0,0,0
802,77,0,7.64313,35.5752,0,114,44.4,144.404,-37.8892,0,4.44089e-17,24,0,42,0,0,0,0,0,0,0,0
803,77,0,7.65319,35.6976,0,114,44.4,144.404,-37.8893,0,4.44089e-17,24,0,42,0,0,0,0,0,0,0,0
804,77,0,7.66374,36.5472,0,102,44.4,144.404,-37.8894,0,4.44089e-17,24,0,41,0,0,0,0,0,0,0,0
805,77,0,7.67401,36.5148,0,102,44.4,144.404,-37.8895,0,4.44089e-17,24,0,41,0,0,0,0,0,0,0,0
806,77,0,7.68405,36.4644,0,109,44.4,144.403,-37.8896,0,4.44089e-17,24,0,42,0,0,0,0,0,0,0,0
807,77,0,7.69408,36.1512,0,109,44.4,144.403,-37.8897,0,4.44089e-17,24,0,42,0,0,0,0,0,0,0,0
808,77,0,7.70386,35.6724,0,114,44.4,144.403,-37.8898,0,4.44089e-17,24,0,42,0,0,0,0,0,0,0,0
809,77,0,7.71401,36.0576,0,124,44.4,144.403,-37.8899,0,4.44089e-17,24,0,41,0,0,0,0,0,0,0,0
810,77,0,7.72375,35.442,0,124,44.4,144.403,-37.8899,0,4.44089e-17,24,0,42,0,0,0,0,0,0,0,0
811,77,0,7.73395,36.2052,0,124,44.4,144.403,-37.89,0,4.44089e-17,24,0,42,0,0,0,0,0,0,0,0
812,77,0,7.74419,36.3276,0,116,44.4,144.403,-37.8901,0,4.44089e-17,24,0,43,0,0,0,0,0,0,0,0
813,77,0,7.7544,36.6192,0,123,44.4,144.403,-37.8902,0,4.44089e-17,24,0,43,0,0,0,0,0,0,0,0
814,77,0,7.76484,36.7524,0,136,44.4,144.403,-37.8903,0,4.44089e-17,24,0,43,0,0,0,0,0,0,0,0
815,77,0,7.77545,36.8928,0,136,44.4,144.403,-37.8904,0,4.44089e-17,24,0,43,0,0,0,0,0,0,0,0
816,78,0,7.78596,37.584,0,154,44.4,144.403,-37.8905,0,4.44089e-17,24,0,45,0,0,0,0,0,0,0,0
817,79,0,7.79635,37.6344,0,154,44.4,144.403,-37.8906,0,4.44089e-17,24,0,45,0,0,0,0,0,0,0,0
818,80,0,7.80677,37.5192,0,127,44.4,144.403,-37.8907,0,4.44089e-17,24,0,45,0,0,0,0,0,0,0,0
819,81,0,7.81675,37.5516,0,122,44.4,144.403,-37.8908,0,4.44089e-17,24,0,42,0,0,0,0,0,0,0,0
820,81,0,7.82715,38.0268,0,122,44.4,144.403,-37.8909,0,4.44089e-17,24,0,42,0,0,0,0,0,0,0,0
821,81,0,7.83797,39.0672,0,114,44.4,144.403,-37.891,0,4.44089e-17,24,0,44,0,0,0,0,0,0,0,0
822,82,0,7.84907,39.0564,0,114,44.4,144.403,-37.8911,0,4.44089e-17,24,0,44,0,0,0,0,0,0,0,0
823,82,0,7.86024,39.1716,0,106,44.4,144.403,-37.8912,0,4.44089e-17,24,0,43,0,0,0,0,0,0,0,0
824,83,0,7.87117,39.1212,0,102,44.4,144.403,-37.8913,0,4.44089e-17,24,0,44,0,0,0,0,0,0,0,0
825,84,0,7.88238,39.2328,0,102,44.4,144.403,-37.8914,0,4.44089e-17,24,0,44,0,0,0,0,0,0,0,0
826,84,0,7.8944,40.5072,0,96,44.4,144.403,-37.8915,0,4.44089e-17,24,0,45,0,0,0,0,0,0,0,0
827,85,0,7.90642,40.8528,0,93,44.4,144.403,-37.8916,0,4.44089e-17,24,0,44,0,0,0,0,0,0,0,0
828,85,0,7.91821,41.2092,0,93,44.4,144.403,-37.8917,0,4.44089e-17,24,0,44,0,0,0,0,0,0,0,0
829,85,0,7.92976,40.842,0,87,44.4,144.403,-37.8918,0,4.44089e-17,24,0,43,0,0,0,0,0,0,0,0
830,85,0,7.94169,40.7196,0,87,44.4,144.403,-37.8919,0,4.44089e-17,24,0,43,0,0,0,0,0,0,0,0
831,85,0,7.95329,40.7304,0,86,44.4,144.403,-37.892,0,4.44089e-17,24,0,44,0,0,0,0,0,0,0,0
832,86,0,7.96557,41.1588,0,88,44.4,144.403,-37.8921,0,4.44089e-17,24,0,44,0,0,0,0,0,0,0,0
833,87,0,7.97718,40.5144,0,88,44.4,144.403,-37.8922,0,4.44089e-17,24,0,44,0,0,0,0,0,0,0,0
834,87,0,7.9894,41.3712,0,97,44.4,144.403,-37.8923,0,4.44089e-17,24,0,45,0,0,0,0,0,0,0,0
835,87,0,8.00146,41.4684,0,85,44.4,144.403,-37.8924,0,4.44089e-17,24,0,46,0,0,0,0,0,0,0,0
836,88,0,8.01346,41.9796,0,85,44.4,144.403,-37.8925,0,4.44089e-17,24,0,46,0,0,0,0,0,0,0,0
837,89,0,8.02524,41.9328,0,82,44.4,144.403,-37.8926,0,4.44089e-17,24,0,44,0,0,0,0,0,0,0,0
838,89,0,8.03731,41.8716,0,80,44.4,144.403,-37.8927,0,4.44089e-17,24,0,46,0,0,0,0,0,0,0,0
839,88,0,8.04881,41.2812,0,78,44.4,144.403,-37.8928,0,4.44089e-17,24,0,44,0,0,0,0,0,0,0,0
840,88,0,8.06034,40.7592,0,77,44.4,144.404,-37.8929,0,4.44089e-17,24,0,44,0,0,0,0,0,0,0,0
841,88,0,8.07124,39.8196,0,74,44.4,144.404,-37.893,0,4.44089e-17,24,0,45,0,0,0,0,0,0,0,0
842,88,0,8.08284,39.8844,0,68,44.4,144.404,-37.8931,0,4.44089e-17,24,0,45,0,0,0,0,0,0,0,0
843,88,0,8.09448,40.2984,0,71,44.4,144.404,-37.8932,0,4.44089e-17,24,0,43,0,0,0,0,0,0,0,0
844,88,0,8.10663,41.202,0,82,44.4,144.404,-37.8933,0,4.44089e-17,24,0,43,0,0,0,0,0,0,0,0
845,87,0,8.11877,41.7276,0,83,44.4,144.404,-37.8934,0,4.44089e-17,24,0,43,0,0,0,0,0,0,0,0
846,87,0,8.13054,41.4144,0,89,44.4,144.404,-37.8935,0,4.44089e-17,24,0,45,0,0,0,0,0,0,0,0
847,87,0,8.14171,40.4784,0,89,44.4,144.404,-37.8936,0,4.44089e-17,24,0,46,0,0,0,0,0,0,0,0
848,87,0,8.15425,41.8248,0,89,44.4,144.404,-37.8937,0,4.44089e-17,24,0,46,0,0,0,0,0,0,0,0
849,87,0,8.16586,42.2136,0,90,44.4,144.404,-37.8938,0,4.44089e-17,24,0,46,0,0,0,0,0,0,0,0
850,87,0,8.17787,42.1956,0,91,44.4,144.404,-37.8939,0,4.44089e-17,24,0,48,0,0,0,0,0,0,0,0
851,87,0,8.18963,42.2712,0,91,44.4,144.404,-37.8939,0,4.44089e-17,24,0,48,0,0,0,0,0,0,0,0
852,87,0,8.2002,41.7672,0,104,44.4,144.404,-37.894,0,4.44089e-17,24,0,46,0,0,0,0,0,0,0,0
853,87,0,8.21175,41.7564,0,104,44.4,144.404,-37.8941,0,4.44089e-17,24,0,46,0,0,0,0,0,0,0,0
854,87,0,8.22248,41.7456,0,107,44.4,144.405,-37.8942,0,4.44089e-17,24,0,44,0,0,0,0,0,0,0,0
855,87,0,8.23427,41.6268,0,108,44.4,144.405,-37.8942,0,4.44089e-17,24,0,45,0,0,0,0,0,0,0,0
856,87,0,8.24517,41.238,0,114,44.4,144.405,-37.8943,0,4.44089e-17,24,0,45,0,0,0,0,0,0,0,0
857,87,0,8.25716,41.5512,0,114,44.4,144.405,-37.8944,0,4.44089e-17,24,0,45,0,0,0,0,0,0,0,0
858,87,0,8.2678,40.9572,0,85,44.4,144.405,-37.8944,0,4.44089e-17,24,0,44,0,0,0,0,0,0,0,0
859,87,0,8.27923,41.5764,0,85,44.4,144.405,-37.8945,0,4.44089e-17,24,0,44,0,0,0,0,0,0,0,0
860,87,0,8.29022,40.8492,0,104,44.4,144.405,-37.8945,0,4.44089e-17,24,0,44,0,0,0,0,0,0,0,0
861,87,0,8.30193,40.9104,0,104,44.4,144.405,-37.8946,0,4.44089e-17,24,0,44,0,0,0,0,0,0,0,0
862,87,0,8.31298,40.95,0,111,44.4,144.405,-37.8947,0,4.44089e-17,24,0,46,0,0,0,0,0,0,0,0
863,87,0,8.32445,41.3676,0,111,44.4,144.405,-37.8947,0,4.44089e-17,24,0,46,0,0,0,0,0,0,0,0
864,87,0,8.33606,41.706,0,106,44.4,144.406,-37.8948,0,4.44089e-17,24,0,46,0,0,0,0,0,0,0,0
865,87,0,8.34751,41.7384,0,105,44.4,144.406,-37.8948,0,4.44089e-17,24,0,44,0,0,0,0,0,0,0,0
866,87,0,8.35954,42.642,0,105,44.4,144.406,-37.8949,0,4.44089e-17,24,0,44,0,0,0,0,0,0,0,0
867,87,0,8.37153,42.9516,0,114,44.4,144.406,-37.8949,0,4.44089e-17,24,0,44,0,0,0,0,0,0,0,0
868,87,0,8.38358,43.542,0,114,44.4,144.406,-37.895,0,4.44089e-17,24,0,44,0,0,0,0,0,0,0,0
869,87,0,8.39567,43.8804,0,114,44.4,144.406,-37.895,0,4.44089e-17,24,0,44,0,0,0,0,0,0,0,0
870,87,0,8.40786,44.3088,0,116,44.4,144.406,-37.8951,0,4.44089e-17,24,0,45,0,0,0,0,0,0,0,0
871,87,0,8.41914,43.0164,0,119,44.4,144.406,-37.8951,0,4.44089e-17,24,0,44,0,0,0,0,0,0,0,0
872,87,0,8.43048,42.5052,0,117,44.4,144.407,-37.8951,0,4.44089e-17,24,0,45,0,0,0,0,0,0,0,0
873,87,0,8.44153,41.7888,0,112,44.4,144.407,-37.8952,0,4.44089e-17,24,0,44,0,0,0,0,0,0,0,0
874,87,0,8.45229,41.058,0,112,44.4,144.407,-37.8952,0,4.44089e-17,24,0,44,0,0,0,0,0,0,0,0
875,87,0,8.46306,40.572,0,117,44.4,144.407,-37.8952,0,4.44089e-17,24,0,45,0,0,0,0,0,0,0,0
876,87,0,8.47398,40.5,0,124,44,144.407,-37.8952,0,-0.3663,24,0,44,0,0,0,0,0,0,0,0
877,87,0,8.48487,40.536,0,116,43.6,144.407,-37.8952,0,-0.73361,24,0,44,0,0,0,0,0,0,0,0
878,88,0,8.49623,40.8888,0,112,43.2,144.407,-37.8952,0,-1.08572,24,0,45,0,0,0,0,0,0,0,0
879,88,0,8.50746,40.8744,0,112,42.8,144.407,-37.8952,0,-1.44191,24,0,45,0,0,0,0,0,0,0,0
880,87,0,8.52017,41.8176,0,114,42.4,144.408,-37.8952,0,-1.75662,24,0,45,0,0,0,0,0,0,0,0
881,88,0,8.53228,42.336,0,111,42.4,144.408,-37.8953,0,-1.75662,24,0,45,0,0,0,0,0,0,0,0
882,88,0,8.54461,43.524,0,111,42.4,144.408,-37.8953,0,-1.75662,24,0,45,0,0,0,0,0,0,0,0
883,87,0,8.55659,43.434,0,123,42.4,144.408,-37.8953,0,-1.75662,24,0,46,0,0,0,0,0,0,0,0
884,88,0,8.56847,43.3872,0,123,42.4,144.408,-37.8953,0,-1.75662,24,0,46,0,0,0,0,0,0,0,0
885,87,0,8.5799,42.084,0,128,42.4,144.408,-37.8953,0,-1.75662,24,0,46,0,0,0,0,0,0,0,0
886,87,0,8.59111,42.0912,0,128,42.4,144.408,-37.8952,0,-1.39032,24,0,46,0,0,0,0,0,0,0,0
887,87,0,8.60297,41.976,0,114,42.4,144.408,-37.8952,0,-1.02301,24,0,45,0,0,0,0,0,0,0,0
888,88,0,8.61522,41.9364,0,109,42.4,144.409,-37.8952,0,-0.670902,24,0,45,0,0,0,0,0,0,0,0
889,88,0,8.62651,41.9292,0,109,42.4,144.409,-37.8952,0,-0.314713,24,0,45,0,0,0,0,0,0,0,0
890,88,0,8.6382,41.8176,0,109,42.4,144.409,-37.8952,0,0,24,0,45,0,0,0,0,0,0,0,0
891,88,0,8.64935,42.3288,0,108,42.4,144.409,-37.8952,0,0,24,0,46,0,0,0,0,0,0,0,0
892,88,0,8.66084,41.85,0,108,42.4,144.409,-37.8951,0,0,24,0,46,0,0,0,0,0,0,0,0
893,88,0,8.6729,42.4296,0,100,42.4,144.409,-37.8951,0,0,24,0,46,0,0,0,0,0,0,0,0
894,88,0,8.68446,42.0912,0,100,42.4,144.409,-37.8951,0,0,24,0,46,0,0,0,0,0,0,0,0
895,87,0,8.69644,42.6528,0,98,42.4,144.409,-37.895,0,0,24,0,47,0,0,0,0,0,0,0,0
896,87,0,8.70858,43.1568,0,97,42.4,144.41,-37.895,0,0,24,0,48,0,0,0,0,0,0,0,0
897,87,0,8.72046,43.1712,0,97,42.4,144.41,-37.8949,0,0,24,0,48,0,0,0,0,0,0,0,0
898,87,0,8.73268,43.3116,0,96,42.4,144.41,-37.8949,0,0,24,0,48,0,0,0,0,0,0,0,0
899,88,0,8.74405,42.57,0,96,42.4,144.41,-37.8948,0,0,24,0,48,0,0,0,0,0,0,0,0
900,88,0,8.75317,41.6772,0,92,42.4,144.41,-37.8948,0,0,24,0,47,0,0,0,0,0,0,0,0
901,88,0,8.7637,40.4676,0,98,42.4,144.41,-37.8947,0,0,24,0,47,0,0,0,0,0,0,0,0
902,88,0,8.77505,41.238,0,98,42.4,144.41,-37.8946,0,0,24,0,47,0,0,0,0,0,0,0,0
903,87,0,8.78601,42.6816,0,103,42.4,144.41,-37.8946,0,0,24,0,46,0,0,0,0,0,0,0,0
904,87,0,8.79778,42.6888,0,100,42.4,144.41,-37.8945,0,0,24,0,47,0,0,0,0,0,0,0,0
905,87,0,8.8095,42.66,0,97,42.4,144.411,-37.8944,0,0,24,0,47,0,0,0,0,0,0,0,0
906,87,0,8.82073,41.4324,0,98,42.4,144.411,-37.8944,0,0,24,0,46,0,0,0,0,0,0,0,0
907,88,0,8.83166,40.7052,0,93,42.4,144.411,-37.8943,0,0,24,0,46,0,0,0,0,0,0,0,0
908,88,0,8.84278,40.7772,0,96,42.4,144.411,-37.8942,0,0,24,0,47,0,0,0,0,0,0,0,0
909,88,0,8.85401,40.8276,0,103,42.4,144.411,-37.8942,0,0,24,0,47,0,0,0,0,0,0,0,0
910,88,0,8.86577,41.2128,0,103,42.4,144.411,-37.8941,0,0,24,0,47,0,0,0,0,0,0,0,0
911,88,0,8.87727,40.4244,0,109,42.4,144.411,-37.894,0,0,24,0,46,0,0,0,0,0,0,0,0
912,88,0,8.88822,40.4424,0,110,42.4,144.411,-37.8939,0,0,24,0,45,0,0,0,0,0,0,0,0
913,88,0,8.89961,40.5828,0,110,42.4,144.411,-37.8939,0,0,24,0,45,0,0,0,0,0,0,0,0
914,87,0,8.91113,40.6656,0,106,42.4,144.411,-37.8938,0,0,24,0,44,0,0,0,0,0,0,0,0
915,87,0,8.92265,40.6512,0,105,42.4,144.411,-37.8937,0,0,24,0,44,0,0,0,0,0,0,0,0
916,87,0,8.93432,40.9464,0,103,42.4,144.412,-37.8936,0,0,24,0,44,0,0,0,0,0,0,0,0
917,87,0,8.94612,40.644,0,103,42.4,144.412,-37.8935,0,0,24,0,43,0,0,0,0,0,0,0,0
918,87,0,8.95797,40.9392,0,104,42.4,144.412,-37.8934,0,0,24,0,44,0,0,0,0,0,0,0,0
919,88,0,8.96979,41.0688,0,105,42.4,144.412,-37.8933,0,0,24,0,45,0,0,0,0,0,0,0,0
920,88,0,8.98191,41.6268,0,105,42.4,144.412,-37.8932,0,0,24,0,46,0,0,0,0,0,0,0,0
921,88,0,8.99401,42.7032,0,106,42.4,144.412,-37.8931,0,0,24,0,45,0,0,0,0,0,0,0,0
922,88,0,9.00562,41.6484,0,115,42.4,144.412,-37.893,0,0,24,0,45,0,0,0,0,0,0,0,0
923,87,0,9.01756,41.112,0,121,42.4,144.412,-37.8929,0,0,24,0,44,0,0,0,0,0,0,0,0
924,87,0,9.02928,40.986,0,124,42.4,144.412,-37.8928,0,0,24,0,43,0,0,0,0,0,0,0,0
925,87,0,9.04064,40.59,0,120,42.4,144.412,-37.8927,0,0,24,0,43,0,0,0,0,0,0,0,0
926,87,0,9.05246,40.6152,0,111,42.4,144.412,-37.8926,0,0,24,0,42,0,0,0,0,0,0,0,0
927,86,0,9.06379,40.572,0,122,42.4,144.412,-37.8926,0,0,24,0,43,0,0,0,0,0,0,0,0
928,86,0,9.07559,40.9608,0,148,42.4,144.412,-37.8924,0,0,24,0,45,0,0,0,0,0,0,0,0
929,86,0,9.08677,40.1364,0,181,42.4,144.412,-37.8924,0,0,24,0,45,0,0,0,0,0,0,0,0
930,86,0,9.09801,40.2408,0,196,42.4,144.412,-37.8923,0,0,24,0,44,0,0,0,0,0,0,0,0
931,86,0,9.1086,39.4164,0,196,42.4,144.412,-37.8922,0,0,24,0,44,0,0,0,0,0,0,0,0
932,86,0,9.11965,39.2796,0,167,42.4,144.412,-37.8921,0,0,24,0,47,0,0,0,0,0,0,0,0
933,86,0,9.13021,39.1608,0,167,42.4,144.412,-37.892,0,0,24,0,47,0,0,0,0,0,0,0,0
934,85,0,9.14154,38.8584,0,136,42.4,144.412,-37.8919,0,0,24,0,44,0,0,0,0,0,0,0,0
935,85,0,9.15286,38.322,0,149,42.4,144.412,-37.8918,0,0,24,0,44,0,0,0,0,0,0,0,0
936,85,0,9.16428,39.0564,0,146,42.4,144.412,-37.8917,0,0,24,0,44,0,0,0,0,0,0,0,0
937,85,0,9.17503,38.4624,0,141,42.4,144.412,-37.8916,0,0,24,0,44,0,0,0,0,0,0,0,0
938,84,0,9.18615,38.4912,0,140,42.4,144.412,-37.8915,0,0,24,0,44,0,0,0,0,0,0,0,0
939,84,0,9.19743,38.5992,0,140,42.4,144.412,-37.8914,0,0,24,0,44,0,0,0,0,0,0,0,0
940,84,0,9.20818,38.6748,0,140,42.4,144.412,-37.8913,0,0,24,0,44,0,0,0,0,0,0,0,0
941,84,0,9.2199,38.7972,0,138,42.4,144.412,-37.8912,0,0,24,0,45,0,0,0,0,0,0,0,0
942,83,0,9.23096,38.9268,0,136,42.4,144.412,-37.8911,0,0,24,0,44,0,0,0,0,0,0,0,0
943,83,0,9.24204,38.988,0,129,42.4,144.412,-37.891,0,0,24,0,44,0,0,0,0,0,0,0,0
944,83,0,9.2519,37.9296,0,118,42.4,144.412,-37.8909,0,0,24,0,42,0,0,0,0,0,0,0,0
945,83,0,9.26211,37.4508,0,110,42.4,144.413,-37.8908,0,0,24,0,46,0,0,0,0,0,0,0,0
946,82,0,9.27307,38.2968,0,104,42.4,144.413,-37.8907,0,0,24,0,45,0,0,0,0,0,0,0,0
947,82,0,9.28442,39.0168,0,95,42.4,144.413,-37.8906,0,0,24,0,48,0,0,0,0,0,0,0,0
948,82,0,9.29471,38.5596,0,88,42.4,144.413,-37.8905,0,0,24,0,47,0,0,0,0,0,0,0,0
949,82,0,9.30521,38.4156,0,50,42.4,144.413,-37.8904,0,0,24,0,46,0,0,0,0,0,0,0,0
950,20,0,9.31634,38.34,0,0,42.4,144.413,-37.8903,0,0,24,0,46,0,0,0,0,0,0,0,0
951,0,0,9.32631,37.6884,0,0,42.4,144.413,-37.8902,0,0,24,0,46,0,0,0,0,0,0,0,0
952,0,0,9.33638,37.0512,0,0,42.4,144.413,-37.8901,0,0,24,0,46,0,0,0,0,0,0,0,0
953,0,0,9.34774,36.9792,0,0,42.4,144.413,-37.89,0,0,24,0,46,0,0,0,0,0,0,0,0
954,0,0,9.35884,37.0296,0,0,42.4,144.413,-37.8899,0,0,24,0,46,0,0,0,0,0,0,0,0
955,0,0,9.36919,37.3968,0,0,42.4,144.413,-37.8898,0,0,24,0,46,0,0,0,0,0,0,0,0
956,0,0,9.37931,37.0332,0,0,42.4,144.413,-37.8897,0,0,24,0,46,0,0,0,0,0,0,0,0
957,0,0,9.38872,35.6256,0,0,42.4,144.413,-37.8897,0,0,24,0,46,0,0,0,0,0,0,0,0
958,0,0,9.39872,35.6508,0,0,42.4,144.413,-37.8896,0,0,24,0,46,0,0,0,0,0,0,0,0
959,0,0,9.40882,35.6904,0,0,42.4,144.413,-37.8895,0,0,24,0,46,0,0,0,0,0,0,0,0
960,22,0,9.41882,35.3772,0,37,42.4,144.413,-37.8894,0,0,24,0,39,0,0,0,0,0,0,0,0
961,93,0,9.42912,35.9568,0,11,42.4,144.413,-37.8893,0,0,24,0,49,0,0,0,0,0,0,0,0
962,94,0,9.43851,35.3088,0,11,42.4,144.413,-37.8892,0,0,24,0,49,0,0,0,0,0,0,0,0
963,23,0,9.44812,35.1864,0,0,42.4,144.413,-37.8891,0,0,24,0,49,0,0,0,0,0,0,0,0
964,0,0,9.45692,33.8328,0,0,42.4,144.413,-37.889,0,0,24,0,49,0,0,0,0,0,0,0,0
965,0,0,9.46573,32.9796,0,0,42.4,144.413,-37.889,0,0,24,0,49,0,0,0,0,0,0,0,0
966,0,0,9.47519,32.8752,0,0,42.4,144.413,-37.8889,0,0,24,0,49,0,0,0,0,0,0,0,0
967,66,0,9.48474,32.9184,0,106,42.4,144.413,-37.8888,0,0,24,0,42,0,0,0,0,0,0,0,0
968,90,0,9.49417,33.4152,0,156,42.4,144.413,-37.8887,0,0,24,0,48,0,0,0,0,0,0,0,0
969,92,0,9.50366,33.5412,0,149,42.4,144.413,-37.8886,0,0,24,0,45,0,0,0,0,0,0,0,0
970,92,0,9.51329,34.0056,0,149,42.4,144.413,-37.8885,0,0,24,0,45,0,0,0,0,0,0,0,0
971,93,0,9.52267,33.8796,0,101,42.4,144.413,-37.8885,0,0,24,0,48,0,0,0,0,0,0,0,0
972,93,0,9.53218,33.9516,0,101,42.4,144.413,-37.8884,0,0,24,0,48,0,0,0,0,0,0,0,0
973,93,0,9.54184,34.632,0,99,42.4,144.413,-37.8883,0,0,24,0,47,0,0,0,0,0,0,0,0
974,93,0,9.55159,34.9776,0,95,42.4,144.413,-37.8882,0,0,24,0,45,0,0,0,0,0,0,0,0
975,93,0,9.56064,34.2756,0,95,42.4,144.413,-37.8881,0,0,24,0,45,0,0,0,0,0,0,0,0
976,93,0,9.5701,34.4124,0,95,42.4,144.413,-37.888,0,0,24,0,47,0,0,0,0,0,0,0,0
977,92,0,9.57924,34.1136,0,91,42.4,144.413,-37.888,0,0,24,0,46,0,0,0,0,0,0,0,0
978,92,0,9.58842,33.7176,0,91,42.4,144.413,-37.8879,0,0,24,0,46,0,0,0,0,0,0,0,0
979,92,0,9.59795,33.7248,0,80,42.4,144.413,-37.8878,0,0,24,0,46,0,0,0,0,0,0,0,0
980,92,0,9.6074,34.2936,0,80,42.4,144.413,-37.8877,0,0,24,0,46,0,0,0,0,0,0,0,0
981,91,0,9.61681,34.2936,0,75,42.4,144.413,-37.8876,0,0,24,0,46,0,0,0,0,0,0,0,0
982,89,0,9.62585,33.6996,0,68,42.4,144.413,-37.8875,0,0,24,0,46,0,0,0,0,0,0,0,0
983,89,0,9.63472,33.1992,0,68,42.4,144.413,-37.8875,0,0,24,0,46,0,0,0,0,0,0,0,0
984,87,0,9.64297,32.22,0,52,42.4,144.413,-37.8874,0,0,24,0,47,0,0,0,0,0,0,0,0
985,86,0,9.65123,31.0608,0,49,42.4,144.413,-37.8873,0,0,24,0,48,0,0,0,0,0,0,0,0
986,84,0,9.65932,30.7116,0,35,42.4,144.413,-37.8872,0,0,24,0,49,0,0,0,0,0,0,0,0
987,81,0,9.66737,29.9844,0,34,42.4,144.413,-37.8872,0,0,24,0,43,0,0,0,0,0,0,0,0
988,80,0,9.67499,29.178,0,23,42.4,144.413,-37.8871,0,0,24,0,45,0,0,0,0,0,0,0,0
989,78,0,9.68198,27.2952,0,0,42.4,144.413,-37.887,0,0,25,0,45,0,0,0,0,0,0,0,0
990,39,0,9.68859,25.9452,0,0,42.4,144.413,-37.887,0,0,24,0,45,0,0,0,0,0,0,0,0
991,0,0,9.69579,26.0568,0,0,42.4,144.413,-37.8869,0,0,24,0,45,0,0,0,0,0,0,0,0
992,0,0,9.7013,24.8472,0,0,42.4,144.413,-37.8869,0,0,24,0,45,0,0,0,0,0,0,0,0
993,0,0,9.70425,21.222,0,0,42.4,144.413,-37.8868,0,0,24,0,45,0,0,0,0,0,0,0,0
994,0,0,9.70562,17.2584,0,0,42.4,144.413,-37.8868,0,0,24,0,45,0,0,0,0,0,0,0,0
995,0,0,9.70644,14.2236,0,0,42.4,144.413,-37.8868,0,0,24,0,45,0,0,0,0,0,0,0,0
996,0,0,9.70649,11.124,0,0,42.4,144.413,-37.8868,0,0,24,0,45,0,0,0,0,0,0,0,0
997,0,0,9.70649,8.6832,0,0,42.4,144.413,-37.8868,0,0,24,0,45,0,0,0,0,0,0,0,0
998,0,0,9.70649,6.966,0,0,42,144.413,-37.8868,0,0,24,0,45,0,0,0,0,0,0,0,0
999,0,0,9.70949,6.2064,0,0,41.6,144.413,-37.8868,0,-1.33333,24,0,45,0,0,0,0,0,0,0,0
1000,0,0,9.70949,5.004,0,0,41.2,144.413,-37.8868,0,-1.33333,24,0,45,0,0,0,0,0,0,0,0
1001,0,0,9.70955,3.8736,0,0,40.8,144.413,-37.8868,0,-1.33333,24,0,45,0,0,0,0,0,0,0,0
1002,0,0,9.70955,3.0636,0,0,40.4,144.413,-37.8868,0,-1.33333,24,0,45,0,0,0,0,0,0,0,0
1003,0,0,9.70955,3.0276,0,0,40.4,144.413,-37.8869,0,-1.33333,24,0,45,0,0,0,0,0,0,0,0
1004,0,0,9.7102,3.0492,0,0,40.4,144.413,-37.8868,0,-1.33333,24,0,45,0,0,0,0,0,0,0,0
1005,0,0,9.71175,3.6252,0,0,40.4,144.413,-37.8868,0,-1.33333,24,0,45,0,0,0,0,0,0,0,0
1006,0,0,9.71298,3.6576,0,0,40.4,144.413,-37.8868,0,-1.33333,24,0,45,0,0,0,0,0,0,0,0
1007,0,0,9.71298,2.934,0,0,40.4,144.413,-37.8868,0,-1.33333,25,0,45,0,0,0,0,0,0,0,0
1008,0,0,9.71367,3.258,0,0,40.4,144.413,-37.8868,0,-1.33333,24,0,45,0,0,0,0,0,0,0,0
1009,0,0,9.71395,3.294,0,0,40.4,144.413,-37.8868,0,0,25,0,45,0,0,0,0,0,0,0,0
1010,0,0,9.7144,2.9484,0,0,40.4,144.413,-37.8868,0,0,24,0,45,0,0,0,0,0,0,0,0
1011,0,0,9.71511,2.9664,0,0,40.4,144.413,-37.8868,0,0,24,0,45,0,0,0,0,0,0,0,0
1012,0,0,9.71594,2.9664,0,0,40.4,144.413,-37.8868,0,0,25,0,45,0,0,0,0,0,0,0,0
1013,0,0,9.71594,0,0,0,40.4,0,0,0,0,25,0,45,0,0,0,0,0,0,0,0
1014,0,0,9.71734,2.25,0,0,40.4,144.413,-37.8868,0,0,24,0,45,0,0,0,0,0,0,0,0
1015,0,0,9.71796,2.4228,0,0,40.4,144.413,-37.8868,0,0,25,0,45,0,0,0,0,0,0,0,0
1016,0,0,9.71863,2.556,0,0,40.4,144.413,-37.8868,0,0,24,0,45,0,0,0,0,0,0,0,0
1017,0,0,9.71926,1.6596,0,0,40.4,144.413,-37.8868,0,0,25,0,45,0,0,0,0,0,0,0,0
1018,0,0,9.71962,0,0,0,40.4,144.413,-37.8868,0,0,25,0,45,0,0,0,0,0,0,0,0
1019,0,0,9.71995,0,0,0,40.4,144.413,-37.8868,0,0,25,0,45,0,0,0,0,0,0,0,0
1020,0,0,9.72038,1.9368,0,0,40.4,144.413,-37.8868,0,0,25,0,45,0,0,0,0,0,0,0,0
1021,0,0,9.72086,1.7208,0,0,40.4,144.413,-37.8868,0,0,25,0,45,0,0,0,0,0,0,0,0
1022,0,0,9.72131,1.6704,0,0,40.4,144.413,-37.8868,0,0,25,0,45,0,0,0,0,0,0,0,0
1023,0,0,9.72172,0,0,0,40.4,144.413,-37.8868,0,0,25,0,45,0,0,0,0,0,0,0,0
1024,0,0,9.72206,0,0,0,40.4,144.413,-37.8868,0,0,25,0,45,0,0,0,0,0,0,0,0
1025,0,0,9.72222,0,0,0,40.4,144.413,-37.8868,0,0,25,0,45,0,0,0,0,0,0,0,0
1026,0,0,9.72222,0,0,0,40.4,144.413,-37.8868,0,0,25,0,45,0,0,0,0,0,0,0,0
1027,0,0,9.72222,0,0,0,40.4,144.413,-37.8868,0,0,25,0,45,0,0,0,0,0,0,0,0
1028,0,0,9.72222,0,0,0,40.4,144.413,-37.8868,0,0,25,0,45,0,0,0,0,0,0,0,0
1029,0,0,9.72222,1.8468,0,0,40.4,144.413,-37.8868,0,0,25,0,45,0,0,0,0,0,0,0,0
1030,0,0,9.72222,2.3976,0,0,40.4,144.413,-37.8868,0,0,25,0,45,0,0,0,0,0,0,0,0
1031,0,0,9.72222,2.7648,0,0,40.4,144.413,-37.8868,0,0,25,0,45,0,0,0,0,0,0,0,0
1032,0,0,9.72222,1.7604,0,0,40.4,144.413,-37.8868,0,0,25,0,45,0,0,0,0,0,0,0,0
1033,0,0,9.72222,2.2896,0,0,40.4,144.413,-37.8868,0,0,25,0,45,0,0,0,0,0,0,0,0
1034,0,0,9.72222,2.5056,0,0,40.4,144.413,-37.8868,0,0,25,0,45,0,0,0,0,0,0,0,0
1035,0,0,9.72222,1.8576,0,0,40.4,144.413,-37.8868,0,0,25,0,45,0,0,0,0,0,0,0,0
1036,0,0,9.72222,2.1708,0,0,40.4,144.413,-37.8868,0,0,25,0,45,0,0,0,0,0,0,0,0
1037,0,0,9.72222,2.7108,0,0,40.4,144.413,-37.8868,0,0,25,0,45,0,0,0,0,0,0,0,0
1038,0,0,9.72222,2.7648,0,0,40.4,144.413,-37.8868,0,0,25,0,45,0,0,0,0,0,0,0,0
1039,0,0,9.72222,2.79,0,0,40.4,144.413,-37.8868,0,0,25,0,45,0,0,0,0,0,0,0,0
1040,0,0,9.72222,1.7496,0,0,40.4,144.413,-37.8868,0,0,25,0,45,0,0,0,0,0,0,0,0
1041,0,0,9.72222,0,0,0,40.4,144.413,-37.8868,0,0,25,0,45,0,0,0,0,0,0,0,0
1042,0,0,9.72222,0,0,0,40.4,144.413,-37.8868,0,0,25,0,45,0,0,0,0,0,0,0,0
1043,0,0,9.72222,1.8144,0,0,40.4,144.413,-37.8868,0,0,25,0,45,0,0,0,0,0,0,0,0
1044,0,0,9.72222,1.6236,0,0,40.4,144.413,-37.8868,0,0,25,0,45,0,0,0,0,0,0,0,0
1045,0,0,9.72222,2.862,0,0,40.4,144.413,-37.8869,0,0,25,0,45,0,0,0,0,0,0,0,0
1046,0,0,9.72222,2.8224,0,0,40.4,144.413,-37.8869,0,0,25,0,45,0,0,0,0,0,0,0,0
1047,0,0,9.72222,2.6136,0,0,40.4,144.413,-37.8869,0,0,25,0,45,0,0,0,0,0,0,0,0
1048,0,0,9.72222,2.664,0,0,40.4,144.413,-37.8869,0,0,25,0,45,0,0,0,0,0,0,0,0
1049,0,0,9.72222,2.4984,0,0,40.4,144.413,-37.8869,0,0,25,0,45,0,0,0,0,0,0,0,0
1050,0,0,9.72222,1.854,0,0,40.4,144.413,-37.8869,0,0,25,0,45,0,0,0,0,0,0,0,0
1051,0,0,9.72222,0,0,0,40.4,144.413,-37.8869,0,0,25,0,45,0,0,0,0,0,0,0,0
1052,0,0,9.72222,0,0,0,40.4,144.413,-37.8869,0,0,25,0,45,0,0,0,0,0,0,0,0
1053,0,0,9.72222,0,0,0,40.4,144.413,-37.8869,0,0,25,0,45,0,0,0,0,0,0,0,0
1054,0,0,9.72226,0,0,0,40.4,144.413,-37.8869,0,0,25,0,45,0,0,0,0,0,0,0,0
1055,0,0,9.72226,0,0,0,40.4,144.413,-37.8869,0,0,25,0,45,0,0,0,0,0,0,0,0
